NAME,CAS,SMILES
"(1 -naphthyl)ethylene-diamine dihydro chloride, N-",1465-25-4,Cl.Cl.NCCNC1=C2C=CC=CC2=CC=C1
(2-chloroethyl)trimethyl-ammonium chloride,999-81-5,[Cl-].C[N+](C)(C)CCCl
"(chloroacetyl)-acetanilide, 4’-",140-49-8,CC(=O)NC1=CC=C(C=C1)C(=O)CCl
"1,1’-(2,2,2-trichloroethylidene) bis(4-chloro)-benzene",50-29-3,ClC1=CC=C(C=C1)C(C2=CC=C(Cl)C=C2)C(Cl)(Cl)Cl
"11-oxo-11H-pyrido(2,1-b) quinazoline-2-carboxylic acid",64019-03-0,OC(=O)C1=CC2=C(C=C1)N=C3C=CC=CN3C2=O
"2(2,4,5-trichlorophenoxy) propionic acid",93-72-1,CC(OC1=C(Cl)C=C(Cl)C(Cl)=C1)C(O)=O
2-(2-methyl-4-chlorophenoxy) propionic acid,93-65-2,CC(OC1=C(C)C=C(Cl)C=C1)C(O)=O
4-(2-methyl-4-chlorophenoxy) butyric acid,94-81-5,CC1=C(OCCCC(O)=O)C=CC(Cl)=C1
C.I. Disperse Blue 1,2475-45-8,NC1=CC=C(N)C2=C1C(=O)C3=C(N)C=CC(N)=C3C2=O
C.I. Orange 3,6373-74-6,[Na+].[O-][N+](=O)C1=CC=C(NC2=CC=C(NC3=CC=CC=C3)C(=C2)S([O-])(=O)=O)C(=C1)[N+]([O-])=O
C.I. Acid Red 14,3567-69-9,[Na+].[Na+].OC1=C2C=CC=CC2=C(C=C1\N=N/C3=C4C=CC=CC4=C(C=C3)S([O-])(=O)=O)S([O-])(=O)=O
C.I. Disperse Yellow,2832-40-8,CC(=O)NC1=CC=C(C=C1)\N=N\C2=C(O)C=CC(C)=C2
C.I. Pigment Red 23,6471-49-4,COC1=CC=C(C=C1\N=N\C2=C(O)C(=CC3=C2C=CC=C3)C(=O)NC4=CC(=CC=C4)[N+]([O-])=O)[N+]([O-])=O
C.I. Solvent Yellow 14,842-07-9,OC1=CC=C2C=CC=CC2=C1\N=N\C3=CC=CC=C3
"EDTA, disodium",139-33-3,[Na+].[Na+].OC(=O)CN(CCN(CC(O)=O)CC([O-])=O)CC([O-])=O
HC Blue No. 1,2784-94-3,CNC1=CC=C(C=C1[N+]([O-])=O)N(CCO)CCO
HC Blue No. 2,33229-34-4,OCCNC1=CC=C(C=C1[N+]([O-])=O)N(CCO)CCO
HC Yellow 4,59820-43-8,OCCNC1=C(OCCO)C=C(C=C1)[N+]([O-])=O
LY201116,787-93-9,CC1=CC=CC(C)=C1NC(=O)C2=CC=C(N)C=C2
LY237733,121588-75-8,CN1C[C@@H](CC2C3=C4C(CC12)=CN(C4=CC=C3)C(C)C)C(=O)NC5CCCCC5
Acenaphtene,83-32-9,C1CC2=CC=CC3=C2C1=CC=C3
Acephate,30560-19-1,COP(=O)(NC(C)=O)SC
Acesulfame potassium,33665-90-6,CC1=CC(=O)NS(=O)(=O)O1
Acetaminophen,103-90-2,CC(=O)NC1=CC=C(O)C=C1
Acetoacetamide,5977-14-0,CC(=O)CC(N)=O
Acetoacetamide-N-sulfonic acid,,
Acetochlor,34256-82-1,CCOCN(C(=O)CCl)C1=C(C)C=CC=C1CC
Acetonitrile,75-05-8,CC#N
Acifluorin sodium,62476-59-9,[Na+].[O-]C(=O)C1=CC(OC2=C(Cl)C=C(C=C2)C(F)(F)F)=CC=C1[N+]([O-])=O
Acrylamide,79-06-1,NC(=O)C=C
Acrylonitrile,107-13-1,C=CC#N
Alachor,15972-60-8,CCC1=CC=CC(CC)=C1N(COC)C(=O)CCl
Albendazole,54965-21-8,CCCSC1=CC2=C(NC(NC(=O)OC)=N2)C=C1
Albendazole sulfoxide,54029-12-8,CCCS(=O)C1=CC=C2NC(NC(=O)OC)=NC2=C1
Aldicarb,116-06-3,CNC(=O)O\N=C\C(C)(C)SC
Aldicarb sulfone,1646-88-4,CNC(=O)O\N=C\C(C)(C)S(C)(=O)=O
Alinidine hydrobromide,33178-86-8,ClC1=CC=CC(Cl)=C1N(CC=C)C2=NCCN2
Ally,74223-64-6,COC(=O)C1=C(C=CC=C1)S(=O)(=O)NC(=O)NC2=NC(C)=NC(OC)=N2
Allyl isovalerate,2835-39-4,CC(C)CC(=O)OCC=C
Amaranth,915-67-3,[Na+].[Na+].[Na+].OC1=C(C=C2C=C(C=CC2=C1\N=N\C3=C4C=CC=CC4=C(C=C3)S([O-])(=O)=O)S([O-])(=O)=O)S([O-])(=O)=O
Amdro,67485-29-4,CC1(C)CNC(/NC1)=N\N=C(\C=C\C2=CC=C(C=C2)C(F)(F)F)/C=C/C3=CC=C(C=C3)C(F)(F)F
Ameltolide,787-93-9,CC1=CC=CC(C)=C1NC(=O)C2=CC=C(N)C=C2
Ametryn,834-12-8,CCNC1=NC(NC(C)C)=NC(SC)=N1
"Amino-4-ethoxy-acetanilide, 3-",17026-81-2,CCOC1=CC=C(NC(C)=O)C=C1N
"Amino-4-nitrophenol, 2-",99-57-0,NC1=C(O)C=CC(=C1)[N+]([O-])=O
"Amino-5-nitrophenol, 2-",121-88-0,NC1=C(O)C=C(C=C1)[N+]([O-])=O
"Aminophenol, p-",123-30-8,NC1=CC=C(O)C=C1
Amitraz,33089-61-1,CN(\C=N\C1=CC=C(C)C=C1C)\C=N\C2=C(C)C=C(C)C=C2
Ammonium carmine (note: carmine),1260-17-9,[H][C@@]1(O[C@H](CO)[C@@H](O)[C@H](O)[C@H]1O)C2=C(O)C(O)=C3C(=O)C4=CC(O)=C(C(O)=O)C(C)=C4C(=O)C3=C2O
"Amphetamine sulfate, dl-",60-13-9,OS(O)(=O)=O.CC(N)CC1=CC=CC=C1.CC(N)CC2=CC=CC=C2
Ampicillin trihydrate,7177-48-2,O.O.O.[H][C@]12SC(C)(C)[C@@H](N1C(=O)[C@H]2NC(=O)[C@H](N)C3=CC=CC=C3)C(O)=O
"Anethole, trans",104-46-1,COC1=CC=C(\C=C\C)C=C1
Anilazine,101-05-3,ClC1=NC(Cl)=NC(NC2=C(Cl)C=CC=C2)=N1
"Anisidine hydrochloride, p-",20265-97-8,[Cl-].COC1=CC=C([NH3+])C=C1
Anthranilic acid,118-92-3,NC1=C(C=CC=C1)C(O)=O
Apollo,74115-24-5,ClC1=CC=CC=C1C2=NN=C(N=N2)C3=C(Cl)C=CC=C3
Arochlor 1254,27323-18-8,ClC1=CC=CC=C1C2=CC=CC=C2
Aspartame,22839-47-0,COC(=O)C(CC1=CC=CC=C1)NC(=O)C(N)CC(O)=O
Assure,76578-14-8,CCOC(=O)C(C)OC1=CC=C(OC2=NC3=C(C=C(Cl)C=C3)N=C2)C=C1
Asulam,3337-71-1,COC(=O)NS(=O)(=O)C1=CC=C(N)C=C1
Atrazine,1912-24-9,CCNC1=NC(NC(C)C)=NC(Cl)=N1
Avermectin B1,65195-55-3,[H][C@@]12C\C=C(C)\[C@@H](O[C@@]3([H])C[C@H](OC)[C@@H](O[C@@]4([H])C[C@H](OC)[C@@H](O)[C@H](C)O4)[C@H](C)O3)[C@@H](C)\C=C\C=C5/CO[C@]6([H])[C@H](O)C(C)=C[C@@]([H])(C(=O)O[C@@H](C1)C[C@]7(O2)O[C@@]([H])([C@@H](C)C=C7)[C@@]([H])(C)CC)[C@]56O
Azaperone,1649-18-9,FC1=CC=C(C=C1)C(=O)CCCN2CCN(CC2)C3=NC=CC=C3
Azinphos methyl,86-50-0,COP(=S)(OC)SCN1N=NC2=C(C=CC=C2)C1=O
Azorubine,3567-69-9,[Na+].[Na+].OC1=C2C=CC=CC2=C(C=C1\N=N/C3=C4C=CC=CC4=C(C=C3)S([O-])(=O)=O)S([O-])(=O)=O
Azuletil sodium (KTI-32),99287-30-6,CCC1=CC(=C2C=C(C=CC=C12)C(C)C)S(O)(=O)=O
Baygon,114-26-1,CNC(=O)OC1=C(OC(C)C)C=CC=C1
Bayleton,43121-43-3,CC(C)(C)C(=O)C(OC1=CC=C(Cl)C=C1)N2C=NC=N2
Baythroid,68359-37-5,CC1(C)[C@@H](\C=C(\Cl)Cl)[C@H]1C(=O)O[C@@H](C#N)C2=CC(OC3=CC=CC=C3)=C(F)C=C2
Benomyl,17804-35-2,CCCCNC(=O)N1C(NC(=O)OC)=NC2=C1C=CC=C2
Bentazon,25057-89-0,CC(C)N1C(=O)C2=C(NS1(=O)=O)C=CC=C2
Benzofuran,271-89-6,O1C=CC2=C1C=CC=C2
Benzoin,119-53-9,OC(C1=CC=CC=C1)C(=O)C2=CC=CC=C2
Benzyl Violet 4B,1694-09-3,[Na+].CCN(CC1=CC(=CC=C1)S(O)(=O)=O)C2=CC=C(C=C2)\C(C3=CC=C(C=C3)N(C)C)=C4/C=CC(\C=C4)=[N+](\CC)CC5=CC(=CC=C5)S([O-])(=O)=O
"Benzyl-p-chlorophenol, o-",120-32-1,OC1=C(CC2=CC=CC=C2)C=C(Cl)C=C1
Betaxolol,63659-18-7,CC(C)NCC(O)COC1=CC=C(CCOCC2CC2)C=C1
Bidrin,141-66-2,COP(=O)(OC)O\C(C)=C\C(=O)N(C)C
Biphenthrin,82657-04-3,CC1=C(C=CC=C1COC(=O)C2C(C)(C)C2\C=C(/Cl)C(F)(F)F)C3=CC=CC=C3
"Biphenyl, 1,1-",92-52-4,C1=CC=C(C=C1)C2=CC=CC=C2
"Biphenylamine hydrochloride, 2-",2185-92-4,[Cl-].[NH3+]C1=C(C=CC=C1)C2=CC=CC=C2
"Bis(2-chloro-1-methyl-ethyl)ether, Technical Grade",108-60-1,CC(CCl)OC(C)CCl
Bis(2-chloroisopropyl)ether,39638-32-9,CC(C)(Cl)OC(C)(C)Cl
Bisphenol A,80-05-7,CC(C)(C1=CC=C(O)C=C1)C2=CC=C(O)C=C2
"Bromoacetic acid, 2-",39638-32-9,CC(C)(Cl)OC(C)(C)Cl
Bromodichloromethane,75-27-4,ClC(Cl)Br
Bromomethane,74-83-9,CBr
Bromoxynil,1689-84-5,OC1=C(Br)C=C(C=C1Br)C#N
Bromoxynil octanoate,1689-99-2,CCCCCCCC(=O)OC1=C(Br)C=C(C=C1Br)C#N
Brown FK,6300-61-4,[Na+].CC1=C(N)C=C(N)C(=C1)\N=N\C2=CC=C(C=C2)S([O-])(=O)=O
"Butyl chloride, n-",109-69-3,CCCCCl
Butylate,2008-41-5,CCSC(=O)N(CC(C)C)CC(C)C
Calcium cyanamide,156-62-7,[Ca++].[N--]C#N
Canthaxanthin,514-78-3,CC(=C/C=C/C=C(C)/C=C/C=C(C)/C=C/C1=C(C)C(=O)CCC1(C)C)\C=C\C=C(C)\C=C\C2=C(C)C(=O)CCC2(C)C
Caprolactam,105-60-2,O=C1CCCCCN1
Captafol,2425-06-1,ClC(Cl)C(Cl)(Cl)SN1C(=O)C2CC=CCC2C1=O
Captan,133-06-2,ClC(Cl)(Cl)SN1C(=O)C2CC=CCC2C1=O
Carazopol,57775-29-8,CC(C)NCC(O)COC1=CC=CC2=C1C3=CC=CC=C3N2
Carbaryl,63-25-2,CNC(=O)OC1=C2C=CC=CC2=CC=C1
Carbendazim,10605-21-7,COC(=O)NC1=NC2=C(N1)C=CC=C2
Carbofuran,1563-66-2,CNC(=O)OC1=CC=CC2=C1OC(C)(C)C2
Carbon tetrachloride,56-23-5,ClC(Cl)(Cl)Cl
Carbosulfan,55285-14-8,CCCCN(CCCC)SN(C)C(=O)OC1=CC=CC2=C1OC(C)(C)C2
Carboxin,5234-68-4,CC1=C(SCCO1)C(=O)NC2=CC=CC=C2
Carmoisine,3567-69-9,[Na+].[Na+].OC1=C2C=CC=CC2=C(C=C1\N=N/C3=C4C=CC=CC4=C(C=C3)S([O-])(=O)=O)S([O-])(=O)=O
Chloramben,133-90-4,NC1=CC(Cl)=CC(C(O)=O)=C1Cl
Chlordane,57-74-9,ClC1=C(Cl)C2(Cl)C(Cl)(Cl)C1(Cl)C3CC(Cl)C(Cl)C23
Chlorendic acid,115-28-6,OC(=O)C1C(C(O)=O)C2(Cl)C(Cl)=C(Cl)C1(Cl)C2(Cl)Cl
Chlorimuron-ethyl,90982-32-4,CCOC(=O)C1=C(C=CC=C1)S(=O)(=O)NC(=O)NC2=NC(OC)=CC(Cl)=N2
"Chloro-p-toluidine, 3-",95-74-9,CC1=C(Cl)C=C(N)C=C1
Chloroacetic acid,115-28-6,OC(=O)C1C(C(O)=O)C2(Cl)C(Cl)=C(Cl)C1(Cl)C2(Cl)Cl
"Chloroaniline hydrochloride, p-",20265-96-7,[Cl-].[NH3+]C1=CC=C(Cl)C=C1
Chlorobenzene,108-90-7,ClC1=CC=CC=C1
Chlorobenzilate,510-15-6,CCOC(=O)C(O)(C1=CC=C(Cl)C=C1)C2=CC=C(Cl)C=C2
Chlorodibromomethane,124-48-1,ClC(Br)Br
Chloroform,67-66-3,ClC(Cl)Cl
"Chlorofructose, 6-",,
"Chloronaphtalene, beta-",91-58-7,ClC1=CC=C2C=CC=CC2=C1
"Chlorophenol, 2-",95-57-8,OC1=C(Cl)C=CC=C1
Chloropropylate,5836-10-2,CC(C)OC(=O)C(O)(C1=CC=C(Cl)C=C1)C2=CC=C(Cl)C=C2
Chlorothalonil,1897-45-6,ClC1=C(Cl)C(C#N)=C(Cl)C(C#N)=C1Cl
"Chlorotoluene, o-",95-49-8,CC1=C(Cl)C=CC=C1
Chlorpheniramine maleate,113-92-8,OC(=O)\C=C\C(O)=O.CN(C)CCC(C1=CC=C(Cl)C=C1)C2=NC=CC=C2
Chlorpromazine,50-53-3,CN(C)CCCN1C2=C(SC3=C1C=C(Cl)C=C3)C=CC=C2
Chlorsulfuron,64902-72-3,COC1=NC(NC(=O)NS(=O)(=O)C2=CC=CC=C2Cl)=NC(C)=N1
Chocolate Brown HT,4553-89-3,[Na+].[Na+].OCC1=C(O)C(\N=N\C2=C3C=CC=CC3=C(C=C2)S([O-])(=O)=O)=C(O)C(=C1)\N=N\C4=CC=C(C5=C4C=CC=C5)S([O-])(=O)=O
Cimetidine,51481-61-9,CN\C(NCCSCC1=C(C)NC=N1)=N/C#N
Clonitralid,1420-04-8,NCCO.OC1=CC=C(Cl)C=C1C(=O)NC2=C(Cl)C=C(C=C2)[N+]([O-])=O
Closantel,57808-65-8,CC1=CC(C(C#N)C2=CC=C(Cl)C=C2)=C(Cl)C=C1NC(=O)C3=C(O)C(I)=CC(I)=C3
Codeine,76-57-3,[H][C@@]12CC3=C4C(O[C@H]5[C@@H](O)C=C[C@]1([H])[C@@]45CCN2C)=C(OC)C=C3
Coumaphos,56-72-4,CCOP(=S)(OCC)OC1=CC2=C(C=C1)C(C)=C(Cl)C(=O)O2
Coumarin,91-64-5,O=C1OC2=C(C=CC=C2)C=C1
Crufomate,299-86-5,CNP(=O)(OC)OC1=CC=C(C=C1Cl)C(C)(C)C
Curcumin,458-37-7,CNP(=O)(OC)OC1=CC=C(C=C1Cl)C(C)(C)C
"Cyclodextrin, beta-",7585-39-9,[H][C@@]12O[C@H](CO)[C@@]([H])(O[C@@]3([H])O[C@H](CO)[C@@]([H])(O[C@@]4([H])O[C@H](CO)[C@@]([H])(O[C@@]5([H])O[C@H](CO)[C@@]([H])(O[C@@]6([H])O[C@H](CO)[C@@]([H])(O[C@@]7([H])O[C@H](CO)[C@@]([H])(O[C@@]8([H])O[C@H](CO)[C@@]([H])(O1)[C@H](O)[C@H]8O)[C@H](O)[C@H]7O)[C@H](O)[C@H]6O)[C@H](O)[C@H]5O)[C@H](O)[C@H]4O)[C@H](O)[C@H]3O)C(O)[C@H]2O
Cyclohexylamine,108-91-8,NC1CCCCC1
Cyclophosphamide,50-18-0,ClCCN(CCCl)P1(=O)NCCCO1
Cyhalothrin,68085-85-8,CC1(C)[C@H](\C=C(/Cl)C(F)(F)F)[C@@H]1C(=O)OC(C#N)C2=CC(OC3=CC=CC=C3)=CC=C2
Cypermethrin,52315-07-8,CC1(C)C(\C=C(\Cl)Cl)C1C(=O)OC(C#N)C2=CC(OC3=CC=CC=C3)=CC=C2
Cyromazine,66215-27-8,NC1=NC(N)=NC(NC2CC2)=N1
Dacthal,1861-32-1,COC(=O)C1=C(Cl)C(Cl)=C(C(Cl)=C1Cl)C(=O)OC
Dalapony sodium salt,75-99-0,CC(Cl)(Cl)C(O)=O
Daminozide,1596-84-5,CN(C)NC(=O)CCC(O)=O
Decabromodiphenil oxide,1163-19-5,BrC1=C(Br)C(Br)=C(OC2=C(Br)C(Br)=C(Br)C(Br)=C2Br)C(Br)=C1Br
Deoxyquinine,,
"Diamino-2,2’-stilbenedisulfonic acid, 4,4’-, disodium salt",7336-20-1,[Na+].[Na+].NC1=CC(=C(C=C1)\C=C\C2=CC(=C(N)C=C2)S([O-])(=O)=O)S([O-])(=O)=O
"Diaminophenol dihydrochloride, 2,4-",137-09-7,Cl.Cl.NC1=CC(N)=C(O)C=C1
Diazinon,333-41-5,CCOP(=S)(OCC)OC1=NC(=NC(C)=C1)C(C)C
Dibenzo-p-dioxin,262-12-4,O1C2=C(OC3=C1C=CC=C3)C=CC=C2
"Dibromobenzene, 1,4-",106-37-6,BrC1=CC=C(Br)C=C1
Dicamba,1918-00-9,COC1=C(Cl)C=CC(Cl)=C1C(O)=O
"Dichioro-2-propanol, 1,3-",96-23-1,OC(CCl)CCl
"Dichloro-p-phenylenediamine, 2,6-",609-20-1,NC1=CC(Cl)=C(N)C(Cl)=C1
"Dichlorobenzene, 1,2-",95-50-1,ClC1=C(Cl)C=CC=C1
"Dichlorobenzene, 1,4-",106-46-7,ClC1=CC=C(Cl)C=C1
Dichlorobenzilic acid,23851-46-9,OC(=O)C(O)(C1=CC=C(Cl)C=C1)C2=CC=C(Cl)C=C2
Dichlorodifluoromethane,75-71-8,FC(F)(Cl)Cl
"Dichloroethane, 1,1-",75-34-3,CC(Cl)Cl
"Dichloroethane, 1,2-",107-06-2,ClCCCl
"Dichloroethylene, 1,1-",75-35-4,ClC(Cl)=C
"Dichloroethylene, trans-1,2-",156-60-5,Cl\C=C\Cl
Dichloromethane,75-09-2,ClCCl
"Dichlorophenol, 2,4-",120-83-2,OC1=C(Cl)C=C(Cl)C=C1
"Dichlorophenoxyacetic acid, 2,4-",94-75-7,OC(=O)COC1=C(Cl)C=C(Cl)C=C1
"Dichloropropanol, 2,3-",616-23-9,OCC(Cl)CCl
"Dichloropropene, 1,3-",542-75-6,ClC\C=C\Cl
Dichlorvos,62-73-7,COP(=O)(OC)O\C=C(\Cl)Cl
Dicofol,115-32-2,OC(C1=CC=C(Cl)C=C1)(C2=CC=C(Cl)C=C2)C(Cl)(Cl)Cl
Dieldrin,60-57-1,ClC1=C(Cl)[C@@]2(Cl)C(Cl)(Cl)[C@@]1(Cl)C3C2[C@@H]4C[C@H]3C5OC45
Diethyldithiocarbamate,148-18-5,[Na+].CCN(CC)C([S-])=S
"Dicthyhhiourea, N,N’-",105-55-5,CCNC(=S)NCC
Difenzoquat,43222-48-6,COS([O-])(=O)=O.CN1C(=CC(C2=CC=CC=C2)=[N+]1C)C3=CC=CC=C3
Diflubenzuron,35367-38-5,FC1=CC=CC(F)=C1C(=O)NC(=O)NC2=CC=C(Cl)C=C2
"Dihydroavermectin-Bla, 22,23-",71827-03-7,[H][C@@]12C\C=C(C)\C(O[C@@]3([H])C[C@H](OC)C(O[C@@]4([H])C[C@H](OC)[C@@H](O)[C@H](C)O4)[C@H](C)O3)[C@@H](C)\C=C\C=C5/CO[C@]6([H])[C@H](O)C(C)=C[C@@]([H])(C(=O)O[C@@]([H])(C1)C[C@]7(CC[C@H](C)[C@]([H])(O7)[C@@H](C)CC)O2)[C@]56O
"Dihydrocoumarin, 3,4-",119-84-6,O=C1CCC2=C(O1)C=CC=C2
Diiodomethyl p-tolyl sulfone,20018-09-1,CC1=CC=C(C=C1)S(=O)(=O)C(I)I
Dimethipin,55290-64-7,CC1=C(C)S(=O)(=O)CCS1(=O)=O
Dimethoate,60-51-5,CNC(=O)CSP(=S)(OC)OC
"Dimethoxyaniline hydrochloride, 2,4-",54150-69-5,[Cl-].COC1=CC(OC)=C([NH3+])C=C1
"Dimethoxybenzidine-4,4’-diisocyanate, 3,3’-",91-93-0,COC1=C(C=CC(=C1)C2=CC(OC)=C(C=C2)N=C=O)N=C=O
Dimethyl hydrogen phosphite,868-85-9,CO[PH](=O)OC
Dimethyl methylphosphonate,756-79-6,COP(C)(=O)OC
Dimethyl morpholinophosphoramidate,597-25-1,COP(=O)(OC)N1CCOCC1
"Dimethylamine, N,N'-",121-69-7,CN(C)C1=CC=CC=C1
"Dinitrobenzene, m-",99-65-0,[O-][N+](=O)C1=CC=CC(=C1)[N+]([O-])=O
"Dinitrotoluene, 2,4-",121-14-2,CC1=C(C=C(C=C1)[N+]([O-])=O)[N+]([O-])=O
Dinocap,39300-45-3,[#8-][N+]([#117])=O.[#6]CCCCCC([#6])[#117].[#6]\C=C\C(=O)OC1=C(C=CC=C1)[N+]([#8-])=O
Dinoseb,88-85-7,CCC(C)C1=CC(=CC(=C1O)[N+]([O-])=O)[N+]([O-])=O
Diphenamid,957-51-7,CN(C)C(=O)C(C1=CC=CC=C1)C2=CC=CC=C2
Diphenhydramine hydrochloride,147-24-0,Cl.CN(C)CCOC(C1=CC=CC=C1)C2=CC=CC=C2
Diphenylamine,122-39-4,N(C1=CC=CC=C1)C2=CC=CC=C2
"Diphenylhydantoin, 5,5’-",57-41-0,O=C1NC(=O)C(N1)(C2=CC=CC=C2)C3=CC=CC=C3
Diquat,85-00-7,[Br-].[Br-].C1C[N+]2=C(C=CC=C2)C3=[N+]1C=CC=C3
Disulfoton,298-04-4,CCOP(=S)(OCC)SCCSCC
"Dithiobiurea, 2,5-",142-46-1,NC(=S)NNC(N)=S
Diuron,330-54-1,CN(C)C(=O)NC1=CC(Cl)=C(Cl)C=C1
"Dodecylguanidine acetate, n-",2439-10-3,CC(O)=O.CCCCCCCCCCCCNC(N)=N
Endothall,145-73-3,OC(=O)C1C2CCC(O2)C1C(O)=O
Ephedrine sulfate,134-72-5,OS(O)(=O)=O.CN[C@@H](C)[C@H](O)C1=CC=CC=C1.CN[C@@H](C)[C@H](O)C2=CC=CC=C2
Epichlorohydrin,106-89-8,ClCC1CO1
Erytromycin stearate,643-22-1,CCCCCCCCCCCCCCCCCC(O)=O.[H][C@@]1(C[C@@](C)(OC)[C@@H](O)[C@H](C)O1)O[C@@H]2[C@@H](C)C(=O)O[C@H](CC)[C@@](C)(O)[C@H](O)[C@@H](C)C(=O)[C@H](C)C[C@@](C)(O)[C@H](O[C@]3([H])O[C@H](C)C[C@H](N(C)C)[C@H]3O)[C@H]2C
Erythrosine,16423-68-0,[Na+].[Na+].[O-]C(=O)C1=CC=CC=C1C2=C3C=C(I)C(=O)C(I)=C3OC4=C(I)C([O-])=C(I)C=C24
Ethalfuralin,55283-68-6,CCN(CC(C)=C)C1=C(C=C(C=C1[N+]([O-])=O)C(F)(F)F)[N+]([O-])=O
Ethephon,16672-87-0,OP(O)(=O)CCCl
Ethion,563-12-2,CCOP(=S)(OCC)SCSP(=S)(OCC)OCC
"Ethyl dipropylthiocarbamate, s-",759-94-4,CCCN(CCC)C(=O)SCC
Ethyl p-nitrophenyl phenylphosphorothioate,2104-64-5,CCOP(=S)(OC1=CC=C(C=C1)[N+]([O-])=O)C2=CC=CC=C2
Ethylene chlorohydrin,107-07-3,OCCCl
Ethylene thiourea,96-45-7,S=C1NCCN1
Ethylmethylphenylglycidate,77-83-8,CCOC(=O)C1OC1(C)C2=CC=CC=C2
Express,101200-48-0,COC(=O)C1=CC=CC=C1S(=O)(=O)NC(=O)N(C)C2=NC(OC)=NC(C)=N2
Fast Green FCF,2353-45-9,[Na+].[Na+].CCN(CC1=CC(=CC=C1)S([O-])(=O)=O)C2=CC=C(C=C2)C(=C3/C=CC(\C=C3)=[N+](/CC)CC4=CC=CC(=C4)S([O-])(=O)=O)\C5=C(C=C(O)C=C5)S([O-])(=O)=O
Febantel,58306-30-2,COCC(=O)NC1=CC(SC2=CC=CC=C2)=CC=C1\N=C(\NC(=O)OC)NC(=O)OC
Fenamiphos,22224-92-6,CCOP(=O)(NC(C)C)OC1=CC(C)=C(SC)C=C1
Fenbendazole,43210-67-9,COC(=O)NC1=NC2=C(N1)C=CC(SC3=CC=CC=C3)=C2
Fenchlorphos,299-84-3,COP(=S)(OC)OC1=CC(Cl)=C(Cl)C=C1Cl
Fluometuron,2164-17-2,CN(C)C(=O)NC1=CC=CC(=C1)C(F)(F)F
Fluoranthene,206-44-0,C1=CC=C2C(=C1)C3=CC=CC4=CC=CC2=C34
Fluorene,86-73-7,C1C2=CC=CC=C2C3=C1C=CC=C3
Fluridone,59756-60-4,CN1C=C(C2=CC=CC=C2)C(=O)C(=C1)C3=CC(=CC=C3)C(F)(F)F
Flurprimidol,56425-91-3,CC(C)C(O)(C1=CC=C(OC(F)(F)F)C=C1)C2=CN=CN=C2
Flutolanil,66332-96-5,CC(C)OC1=CC(NC(=O)C2=C(C=CC=C2)C(F)(F)F)=CC=C1
Fluvalinate,69409-94-5,CC(C)C(NC1=C(Cl)C=C(C=C1)C(F)(F)F)C(=O)OC(C#N)C2=CC=CC(OC3=CC=CC=C3)=C2
Folpet,133-07-3,ClC(Cl)(Cl)SN1C(=O)C2=C(C=CC=C2)C1=O
Fonofos,944-22-9,CCOP(=S)(CC)SC1=CC=CC=C1
Fosetyl-al,39148-24-8,[Al+3].CCO[PH]([O-])=O.CCO[PH]([O-])=O.CCO[PH]([O-])=O
Glufosinate-ammonium,77182-82-2,[NH4+].CP(O)(=O)CCC(N)C([O-])=O
Glyphosate,1071-83-6,OC(=O)CNCP(O)(O)=O
Haloxyfop-methyl,69806-40-2,COC(=O)C(C)OC1=CC=C(OC2=C(Cl)C=C(C=N2)C(F)(F)F)C=C1
Harmony,79277-27-3,COC(=O)C1=C(C=CS1)S(=O)(=O)NC(=O)NC2=NC(C)=NC(OC)=N2
Heptachlor,76-44-8,ClC1=C(Cl)C2(Cl)C(Cl)(Cl)C1(Cl)C3C=CC(Cl)C23
Heptachlor epoxide,1024-57-3,ClC1=C(Cl)C2(Cl)C(Cl)(Cl)C1(Cl)C3C(Cl)C4OC4C23
Hexabromobenzene,87-82-1,BrC1=C(Br)C(Br)=C(Br)C(Br)=C1Br
Hexachlorobenzene,118-74-1,ClC1=C(Cl)C(Cl)=C(Cl)C(Cl)=C1Cl
Hexachlorobutadiene,87-68-3,Cl\C(Cl)=C(Cl)\C(Cl)=C(\Cl)Cl
"Hexachlorocyclohexane, gamma-",58-89-9,Cl[C@H]1[C@H](Cl)[C@@H](Cl)[C@@H](Cl)[C@H](Cl)[C@H]1Cl
Hexachlorocyclopentadiene,77-47-4,ClC1=C(Cl)C(Cl)(Cl)C(Cl)=C1Cl
Hexachloroethane,67-72-1,ClC(Cl)(Cl)C(Cl)(Cl)Cl
Hexachlorophene,70-30-4,OC1=C(Cl)C=C(Cl)C(Cl)=C1CC2=C(O)C(Cl)=CC(Cl)=C2Cl
"Hexahydro-1,3,5-trinitro-1,3,5-triazine",121-82-4,[O-][N+](=O)N1CN(CN(C1)[N+]([O-])=O)[N+]([O-])=O
Hexamethylenetetramine,100-97-0,C1N2CN3CN1CN(C2)C3
Hexazinone,51235-04-2,CN(C)C1=NC(=O)N(C2CCCCC2)C(=O)N1C
Hydralazine,86-54-4,N\N=C1\NN=CC2=C1C=CC=C2
Hydrazobenzene,122-66-7,N(NC1=CC=CC=C1)C2=CC=CC=C2
Hydrochlorothiazide,58-93-5,NS(=O)(=O)C1=CC2=C(NCNS2(=O)=O)C=C1Cl
"Hydroxypropyl methanethiolsulfonate, 2-",41206-16-0,CC(O)COS(C)(=O)=S
"Hydroxyquinoline, 8-",148-24-3,OC1=CC=CC2=CC=CN=C12
Imazalil,35554-44-0,ClC1=CC(Cl)=C(C=C1)C(CN2C=CN=C2)OCC=C
Imazaquin,81335-37-7,CC(C)C1(C)N=C(NC1=O)C2=NC3=CC=CC=C3C=C2C(O)=O
Iodinated glycerol,5634-39-9,CC(I)C1OCC(CO)O1
Ipazilide,115436-73-2,CCN(CC)CCCNC(=O)CN1N=CC(C2=CC=CC=C2)=C1C3=CC=CC=C3
Iprodione,36734-19-7,CC(C)NC(=O)N1CC(=O)N(C1=O)C2=CC(Cl)=CC(Cl)=C2
Ipronidazole,14885-29-1,CC(C)C1=NC=C(N1C)[N+]([O-])=O
Isopropalin,33820-53-0,CCCN(CCC)C1=C(C=C(C=C1[N+]([O-])=O)C(C)C)[N+]([O-])=O
Isoxaben,82558-50-7,CCC(C)(CC)C1=NOC(NC(=O)C2=C(OC)C=CC=C2OC)=C1
Jervine,469-59-0,[H][C@@]12CC[C@]3(O[C@@H]4C[C@H](C)CN[C@@]4([H])[C@H]3C)C(C)=C1C(=O)[C@]5([H])[C@@]6(C)CC[C@H](O)CC6=CC[C@@]25[H]
Lactofen,77501-63-4,CCOC(=O)C(C)OC(=O)C1=C(C=CC(OC2=C(Cl)C=C(C=C2)C(F)(F)F)=C1)[N+]([O-])=O
Lansoprazole,103577-45-3,CC1=C(OCC(F)(F)F)C=CN=C1CS(=O)C2=NC3=C(N2)C=CC=C3
Levamisole,5036-02-2,C1CN2CC(N=C2S1)C3=CC=CC=C3
Linamarin,554-35-8,CC(C)(O[C@@H]1O[C@H](CO)[C@@H](O)[C@H](O)[C@H]1O)C#N
Liauron,330-55-2,CON(C)C(=O)NC1=CC(Cl)=C(Cl)C=C1
Londax,83055-99-6,COC(=O)C1=C(CS(=O)(=O)NC(=O)NC2=NC(OC)=CC(OC)=N2)C=CC=C1
Malaoxon,1634-78-2,CCOC(=O)CC(SP(=O)(OC)OC)C(=O)OCC
Malathion,121-75-5,CCOC(=O)CC(SP(=S)(OC)OC)C(=O)OCC
Maleic anhydride,108-31-6,O=C1OC(=O)C=C1
Maleic hydrazine,123-33-1,O=C1NNC(=O)C=C1
Manidipine hydrochloride,126229-12-7,Cl[H].Cl[H].COC(=O)C1=C(C)NC(C)=C(C1C2=CC=CC(=C2)[N+]([O-])=O)C(=O)OCCN3CCN(CC3)C(C4=CC=CC=C4)C5=CC=CC=C5
Melamine,108-78-1,NC1=NC(N)=NC(N)=N1
Mepiquat chloride,24307-26-4,[Cl-].C[N+]1(C)CCCCC1
"Mercaptobenzothiazole, 2-",149-30-4,SC1=NC2=C(S1)C=CC=C2
Merphos,150-50-5,CCCCSP(SCCCC)SCCCC
Merphos oxide,78-48-8,CCCCSP(=O)(SCCCC)SCCCC
"Meso-2,3-dimercaptosuccinic acid",304-55-2,OC(=O)C(S)C(S)C(O)=O
Metalaxyl,57837-19-1,COCC(=O)N(C(C)C(=O)OC)C1=C(C)C=CC=C1C
Methamidophos,10265-92-6,COP(N)(=O)SC
Methidathion,950-37-8,COC1=NN(CSP(=S)(OC)OC)C(=O)S1
Methomyl,16752-77-5,CNC(=O)O\N=C(/C)SC
Methoxychlor,72-43-5,COC1=CC=C(C=C1)C(C2=CC=C(OC)C=C2)C(Cl)(Cl)Cl
"Methoxypsoralen, 8-",298-81-7,COC1=C2OC(=O)C=CC2=CC3=C1OC=C3
Methyl carbamate,598-55-0,COC(N)=O
Methyl ethyl ketoxime,96-29-7,CC\C(C)=N/O
Methyl parathion,298-00-0,COP(=S)(OC)OC1=CC=C(C=C1)[N+]([O-])=O
"Methyl-4-chlorophenoxyacetic acid, 2-",94-74-6,CC1=C(OCC(O)=O)C=CC(Cl)=C1
Methyl-N-methylanthranilate,85-91-6,CNC1=C(C=CC=C1)C(=O)OC
"Methyldopa sesquihydrate, alpha-",41372-08-1,O.O.O.C[C@](N)(CC1=CC(O)=C(O)C=C1)C(O)=O.C[C@](N)(CC2=CC(O)=C(O)C=C2)C(O)=O
"Methylolacrylamide, N-",924-42-5,OCNC(=O)C=C
Metolachlor,51218-45-2,CCC1=C(N(C(C)COC)C(=O)CCl)C(C)=CC=C1
Metribuzin,21087-64-9,CSC1=NN=C(C(=O)N1N)C(C)(C)C
Mexacarbate,315-18-4,CNC(=O)OC1=CC(C)=C(N(C)C)C(C)=C1
Miporamicin,73684-69-2,CC[C@H]1OC(=O)\C=C\[C@H](C)[C@@H](O[C@@H]2O[C@H](C)C[C@H](N(C)C)[C@H]2O)[C@@H](C)C[C@@H](C)C(=O)\C=C\[C@H]3O[C@H]3[C@]1(O)CO[C@@H]4O[C@H](C)[C@@H](O)[C@@H](OC)[C@H]4OC
Mirex,2385-85-5,ClC1(Cl)C2(Cl)C3(Cl)C4(Cl)C(Cl)(Cl)C5(Cl)C3(Cl)C1(Cl)C5(Cl)C24Cl
Molinate,2212-67-1,CCSC(=O)N1CCCCCC1
Monodiethanolamine salt of riboflavin-5’-phosphate,,
Monuron,150-68-5,CN(C)C(=O)NC1=CC=C(Cl)C=C1
Naled,300-76-5,COP(=O)(OC)OC(Br)C(Cl)(Cl)Br
Nalidixic acid,389-08-2,CCN1C=C(C(O)=O)C(=O)C2=C1N=C(C)C=C2
"Naphthoxy acetic acid, 2-",120-23-0,OC(=O)COC1=CC2=C(C=CC=C2)C=C1
Napropamide,15299-99-7,CCN(CC)C(=O)C(C)OC1=C2C=CC=CC2=CC=C1
Natamicin,7681-93-8,CC1C\C=C\C=C\C=C\C=C\C(CC2OC(O)(CC(O)CC3OC3\C=C\C(=O)O1)CC(O)C2C(O)=O)O[C@@H]4OC(C)[C@@H](O)[C@H](N)[C@@H]4O
"Nitro-o-tolaidine, 5-",99-55-8,CC1=C(N)C=C(C=C1)[N+]([O-])=O
"Nitro-p-phenylenediamine, 2-",5307-14-2,NC1=CC(=C(N)C=C1)[N+]([O-])=O
"Nitroaniline, p-",100-01-6,NC1=CC=C(C=C1)[N+]([O-])=O
"Nitroanthranilic acid, 4-",619-17-0,NC1=C(C=CC(=C1)[N+]([O-])=O)C(O)=O
Nitrofurantoin,67-20-9,[O-][N+](=O)C1=CC=C(O1)\C=N\N2CC(=O)NC2=O
Nitrofurazone,59-87-0,NC(=O)N\N=C\C1=CC=C(O1)[N+]([O-])=O
Nitroguanidine,556-88-7,NC(=N)N[N+]([O-])=O
"Nitronaphtalene, 1-",86-57-7,[O-][N+](=O)C1=C2C=CC=CC2=CC=C1
"Nitrosodiphenylamine, N-",86-30-6,O=NN(C1=CC=CC=C1)C2=CC=CC=C2
Norfluzaron,27314-13-2,CNC1=C(Cl)C(=O)N(N=C1)C2=CC(=CC=C2)C(F)(F)F
Ochratoxin A,303-47-9,C[C@@H]1CC2=C(C(O)=C(C=C2Cl)C(=O)NC(CC3=CC=CC=C3)C(O)=O)C(=O)O1
Octabromodiphenyl ether,32536-52-0,BrC1=C(Br)C=C(OC2=C(Br)C(Br)=C(Br)C(Br)=C2Br)C(Br)=C1
"Octahydro-1,3,5,7-tetranitro-1,3,5,7-tetrazocine",2691-41-0,[O-][N+](=O)N1CN(CN(CN(C1)[N+]([O-])=O)[N+]([O-])=O)[N+]([O-])=O
Olaquindox,23696-28-8,CC1=[N+]([O-])C2=CC=CC=C2[N+]([O-])=C1C(=O)NCCO
Orange RN,1934-20-9,[Na+].OC1=CC=C2C=C(C=CC2=C1\N=N\C3=CC=CC=C3)S([O-])(=O)=O
Oryzaline,19044-88-3,CCCN(CCC)C1=C(C=C(C=C1[N+]([O-])=O)S(N)(=O)=O)[N+]([O-])=O
Oxadiazone,19666-30-9,CC(C)OC1=CC(N2N=C(OC2=O)C(C)(C)C)=C(Cl)C=C1Cl
Oxamyl,23135-22-0,CNC(=O)ON=C(SC)C(=O)N(C)C
Oxfendazole,53716-50-0,COC(=O)NC1=NC2=C(N1)C=CC(=C2)S(=O)C3=CC=CC=C3
Oxyfluorfen,42874-03-3,CCOC1=CC(OC2=CC=C(C=C2Cl)C(F)(F)F)=CC=C1[N+]([O-])=O
Oxytetracycline,79-57-2,[H][C@]12C(C(=O)C3=C(C=CC=C3O)[C@@]1(C)O)=C(O)[C@]4(O)C(=O)C(C(N)=O)=C(O)[C@@H](N(C)C)[C@]4([H])[C@H]2O
Oxytetracycline hydrochloride,2058-46-0,[Cl-].C[NH+](C)C1C(O)=C(C(N)=O)C(=O)C2(O)C(O)=C3C(=O)C4=C(C=CC=C4O)[C@@](C)(O)C3C(O)C12
Oxythioquinox,2439-01-2,CC1=CC2=NC3=C(SC(=O)S3)N=C2C=C1
Paclobutrazol,76738-62-0,CC(C)(C)[C@@H](O)[C@H](CC1=CC=C(Cl)C=C1)N2C=NC=N2.CC(C)(C)[C@H](O)[C@@H](CC3=CC=C(Cl)C=C3)N4C=NC=N4
Paraquant,1910-42-5,[Cl-].[Cl-].C[N+]1=CC=C(C=C1)C2=CC=[N+](C)C=C2
Parathion,56-38-2,CCOP(=S)(OCC)OC1=CC=C(C=C1)[N+]([O-])=O
Patulin,149-29-1,OC1OCC=C2OC(=O)C=C12
Pendilmethalin,40487-42-1,CCC(CC)NC1=C(C(C)=C(C)C=C1[N+]([O-])=O)[N+]([O-])=O
Penicillin VK,132-98-9,[K+].[H][C@@]2(NC(=O)COC1=CC=CC=C1)C(=O)N3[C@]2([H])SC(C)(C)[C@]3([H])C([O-])=O
Pentabromodiphenyl ether,32534-81-9,BrC1=CC(Br)=C(OC2=CC(Br)=C(Br)C=C2Br)C=C1
Pentachloroethane,76-01-7,ClC(Cl)C(Cl)(Cl)Cl
Pentachloronitrobenzene,82-68-8,[O-][N+](=O)C1=C(Cl)C(Cl)=C(Cl)C(Cl)=C1Cl
Pentachlorophenol,87-86-5,OC1=C(Cl)C(Cl)=C(Cl)C(Cl)=C1Cl
Pentaerythritol tetranintrate,78-11-5,[O-][N+](=O)OCC(CO[N+]([O-])=O)(CO[N+]([O-])=O)CO[N+]([O-])=O
Permethrin,52645-53-1,CC1(C)[C@@H](\C=C(\Cl)Cl)[C@H]1C(=O)OCC2=CC(OC3=CC=CC=C3)=CC=C2
Phenformin,114-86-3,NC(=N)NC(=N)NCCC1=CC=CC=C1
"Phenyl-2-naphthylamine, n-",135-88-6,N(C1=CC=CC=C1)C2=CC=C3C=CC=CC3=C2
"Phenyl-3-methyl-5-pyrazolone, 1-",89-25-8,CC1=NN(C(=O)C1)C2=CC=CC=C2
Phenylbutazone,50-33-9,CCCCC1C(=O)N(N(C1=O)C2=CC=CC=C2)C3=CC=CC=C3
"Phenylenediamine, m-",108-45-2,NC1=CC=CC(N)=C1
Phenylephrine hydrochloride,61-76-7,Cl[H].CNCC(O)C1=CC(O)=CC=C1
Phosmet,732-11-6,COP(=S)(OC)SCN1C(=O)C2=C(C=CC=C2)C1=O
Phosphamidon,13171-21-6,CCN(CC)C(=O)\C(Cl)=C(/C)OP(=O)(OC)OC
Photodieldrin,13366-73-9,ClC1(Cl)C2(Cl)C(Cl)C3(Cl)C4C5C6OC6C4C(C25)C13Cl
Phthalamide,88-96-0,NC(=O)C1=C(C=CC=C1)C(N)=O
Phthalic anhydride,85-44-9,O=C1OC(=O)C2=C1C=CC=C2
Picloram,1918-02-1,NC1=C(Cl)C(Cl)=NC(C(O)=O)=C1Cl
Pilsicainide hydrochloride,88069-67-4,CC1=CC=CC(C)=C1NC(=O)CC23CCCN2CCC3
Pirimiphos-methyl,29232-93-7,CCN(CC)C1=NC(C)=CC(OP(=S)(OC)OC)=N1
Ponceau 4R,2611-82-7,[Na+].[Na+].[Na+].OC1=CC=C2C=C(C=C(C2=C1\N=N\C3=C4C=CC=CC4=C(C=C3)S([O-])(=O)=O)S([O-])(=O)=O)S([O-])(=O)=O
Pravadoline,92623-83-1,COC1=CC=C(C=C1)C(=O)C2=C(C)N(CCN3CCOCC3)C4=C2C=CC=C4
Probenecid,57-66-9,CCCN(CCC)S(=O)(=O)C1=CC=C(C=C1)C(O)=O
Prochloraz,67747-09-5,CCCN(CCOC1=C(Cl)C=C(Cl)C=C1Cl)C(=O)N2C=CN=C2
Proflavine monohydrochloride hemihydrate,952-23-8,[Cl-].NC1=CC2=NC3=C(C=CC([NH3+])=C3)C=C2C=C1
Promethazine hydrochloride,58-33-3,Cl.CC(CN1C2=C(SC3=C1C=CC=C3)C=CC=C2)N(C)C
Prometon,1610-18-0,COC1=NC(NC(C)C)=NC(NC(C)C)=N1
Prometryn,7287-19-6,CSC1=NC(NC(C)C)=NC(NC(C)C)=N1
Pronamide,23950-58-5,CC(C)(NC(=O)C1=CC(Cl)=CC(Cl)=C1)C#C
Propachlor,1918-16-7,CC(C)N(C(=O)CCl)C1=CC=CC=C1
Propanit,709-98-8,CCC(=O)NC1=CC(Cl)=C(Cl)C=C1
Propargite,2312-35-8,CC(C)(C)C1=CC=C(OC2CCCCC2OS(=O)OCC#C)C=C1
Propazine,139-40-2,CC(C)NC1=NC(Cl)=NC(NC(C)C)=N1
Propham,122-42-9,CC(C)OC(=O)NC1=CC=CC=C1
Propiconazole,60207-90-1,CCCC1COC(CN2C=NC=N2)(O1)C3=C(Cl)C=C(Cl)C=C3
Propiverine hydrochloride (P-4),54556-98-8,[Cl-].CCCOC(C(=O)OC1CC[NH+](C)CC1)(C2=CC=CC=C2)C3=CC=CC=C3
Propylene dichloride,78-87-5,CC(Cl)CCl
Pursuit,81335-77-5,CCC1=CN=C(C2=NC(C)(C(C)C)C(=O)N2)C(=C1)C(O)=O
Pydrin,51630-58-1,CC(C)C(C(=O)OC(C#N)C1=CC=CC(OC2=CC=CC=C2)=C1)C3=CC=C(Cl)C=C3
Pyrazinamide,98-96-4,NC(=O)C1=CN=CC=N1
Pyrene,129-00-0,C1=CC2=CC=C3C=CC=C4C=CC(=C1)C2=C34
Quercetin,117-39-5,OC1=CC2=C(C(O)=C1)C(=O)C(O)=C(O2)C3=CC(O)=C(O)C=C3
Quinalphos,13593-03-8,CCOP(=S)(OCC)OC1=CN=C2C=CC=CC2=N1
Quinine hydrochloride,130-89-2,Cl.COC1=CC2=C(C=CN=C2C=C1)C(O)C3CC4(CCN3CC4)C=C
Red 2G,3734-67-6,[Na+].[Na+].CC(=O)NC1=CC(=CC2=C1C(O)=C(\N=N\C3=CC=CC=C3)C(=C2)S([O-])(=O)=O)S([O-])(=O)=O
Reserpine,50-55-5,[H][C@]12C[C@]3([H])[C@H](C(=O)OC)[C@@H](OC)[C@@H](C[C@]3([H])CN1CCC4=C2NC5=CC(OC)=CC=C45)OC(=O)C6=CC(OC)=C(OC)C(OC)=C6
Resmethrin,10453-86-8,C\C(C)=C\C1C(C)(C)C1C(=O)OCC2=COC(CC3=CC=CC=C3)=C2
Rhodamine 6G,989-38-8,[Cl-].CCNC1=CC2=[O+]C3=C(C=C(C)C(NCC)=C3)C(=C2C=C1C)C4=CC=CC=C4C(=O)OCC
Ronidazole,7681-76-7,CN1C(COC(N)=O)=NC=C1[N+]([O-])=O
Rotenone,83-79-4,[H][C@@]12COC3=C(C=C(OC)C(OC)=C3)[C@]1([H])C(=O)C4=CC=C5O[C@H](CC5=C4O2)C(C)=C
Saccharin,81-07-2,O=C1NS(=O)(=O)C2=C1C=CC=C2
Savey,78587-05-0,C[C@@H]1N(C(=O)NC2CCCCC2)C(=O)SC1C3=CC=C(Cl)C=C3
Sethoxydim,74051-80-2,CCC\C(=N/OCC)C1=C(O)CC(CC1=O)CC(C)SCC
Simazine,122-34-9,CCNC1=NC(Cl)=NC(NCC)=N1
Sodium cyclamate,139-05-9,[Na+].[O-]S(=O)(=O)NC1CCCCC1
Sodium fluoroacetate,62-74-8,[Na+].[O-]C(=O)CF
Sodium naphthionate,130-13-2,[Na+].NC1=C2C=CC=CC2=C(C=C1)S([O-])(=O)=O
Sodium naphthionate,28907-84-8,[Na+].NC1=CC=CC2=CC(=CC=C12)S([O-])(=O)=O
Sorbitan monolaurate,1338-39-2,CCCCCCCCCCCC(=O)OC[C@H](O)[C@H]1OC[C@@H](O)[C@@H]1O
Sorbitan monostearate,1338-41-6,CCCCCCCCCCCCCCCCCC(=O)OC[C@@H](O)[C@H]1OC[C@@H](O)[C@@H]1O
Succinic anhydride,108-30-5,O=C1CCC(=O)O1
Sucrose acetate isobutyrate,126-13-6,CC(=O)OC[C@H]1O[C@H](O[C@]2(COC(C)=O)O[C@H](COC(=O)C(C)C)[C@@H](OC(=O)C(C)C)[C@@H]2OC(=O)C(C)C)[C@H](OC(=O)C(C)C)[C@@H](OC(=O)C(C)C)[C@@H]1OC(=O)C(C)C
Sulfadimidine,57-68-1,CC1=CC(C)=NC(NS(=O)(=O)C2=CC=C(N)C=C2)=N1
Sulfisoxazole,127-69-5,CC1=NOC(NS(=O)(=O)C2=CC=C(N)C=C2)=C1C
"Sulfolene, 3-",77-79-2,O=S1(=O)CC=CC1
Sunset Yellow FCF,2783-94-0,[Na+].[Na+].OC1=C(\N=N\C2=CC=C(C=C2)S([O-])(=O)=O)C3=CC=C(C=C3C=C1)S([O-])(=O)=O
Suplatast tosilate,94055-76-2,CC1=CC=C(C=C1)S([O-])(=O)=O.CCOCC(O)COC2=CC=C(NC(=O)CC[S+](C)C)C=C2
Systhane,88671-89-0,CCCCC(CN1C=NC=N1)(C#N)C2=CC=C(Cl)C=C2
Tebuthiuron,34014-18-1,CNC(=O)N(C)C1=NN=C(S1)C(C)(C)C
Terbacil,5902-51-2,CC1=C(Cl)C(=O)N(C(=O)N1)C(C)(C)C
Terbutryn,886-50-0,CCNC1=NC(NC(C)(C)C)=NC(SC)=N1
"Tert-butyl-2-chlorophenol, 4-",98-28-2,CC(C)(C)C1=CC=C(O)C(Cl)=C1
"Tetrachlorobenzene, 1,2,4,5-",95-94-3,ClC1=CC(Cl)=C(Cl)C=C1Cl
"Tetrachloroethane, 1,1,1,2-",630-20-6,ClCC(Cl)(Cl)Cl
"Tetrachloroethane, 1,1,2,2-",79-34-5,ClC(Cl)C(Cl)Cl
Tetrachloroethylene,127-18-4,Cl\C(Cl)=C(\Cl)Cl
"Tetrachlorophenol, 2,3,4,6-",58-90-2,OC1=C(Cl)C(Cl)=C(Cl)C=C1Cl
"Tetrachloropyridine, 2,3,5,6-",2402-79-1,ClC1=CC(Cl)=C(Cl)N=C1Cl
Tetrachlorvinphos,961-11-5,COP(=O)(OC)O\C(=C\Cl)C1=C(Cl)C=C(Cl)C(Cl)=C1
Tetracycline hydrochloride,64-75-5,Cl.CN(C)C1C(O)=C(C(N)=O)C(=O)[C@@]2(O)C(O)=C3C(=O)C4=C(C=CC=C4O)[C@@](C)(O)C3CC12
Tetraethyldithiopyrophosphate,3689-24-5,CCOP(=S)(OCC)OP(=S)(OCC)OCC
Tetraethyhhiourea disulfide,97-77-8,CCN(CC)C(=S)SSC(=S)N(CC)CC
"Tetrahydrocannabinol, beta-9-",1972-08-3,[H][C@@]12CCC(C)=C[C@@]1([H])C3=C(OC2(C)C)C=C(CCCCC)C=C3O
Tetrakis(hydroxymethyl)phosphonium chloride (THPC),124-64-1,[Cl-].OC[P+](CO)(CO)CO
Tetrakis(hydroxymethyl)phosphonium sulphate (THPS),55566-30-8,[O-]S([O-])(=O)=O.OC[P+](CO)(CO)CO.OC[P+](CO)(CO)CO
Thiabendazole,148-79-8,N1C2=C(C=CC=C2)N=C1C3=CSC=N3
Thiobencarb,28249-77-6,CCN(CC)C(=O)SCC1=CC=C(Cl)C=C1
Thiophanate-methyl,23564-05-8,COC(=O)NC(=S)NC1=C(NC(=S)NC(=O)OC)C=CC=C1
Thiram,137-26-8,CN(C)C(=S)SSC(=S)N(C)C
"Tocopheryl acetate, dl-alpha-",52225-20-4,CC(=O)OC1=C(C)C2=C(O[C@](C)(CCC[C@H](C)CCC[C@H](C)CCCC(C)C)CC2)C(C)=C1C
"Toluenediamine hydrochloride, 2,6-",15481-70-6,Cl.Cl.CC1=C(N)C=CC=C1N
"Toluenediamine sulfate, 2,5-",6369-59-1,OS(O)(=O)=O.CC1=CC(N)=CC=C1N
Tralomethrin,66841-25-6,CC1(C)[C@H](C(=O)O[C@H](C#N)C2=CC(OC3=CC=CC=C3)=CC=C2)[C@@H]1[C@H](Br)C(Br)(Br)Br
Trenbolone acetate,10161-34-9,[H][C@@]12CCC3=CC(=O)CCC3=C1C=C[C@]4(C)[C@H](CC[C@@]24[H])OC(C)=O
"Trenbolone hydroxide, 17-alpha-",,
Triallate,2303-17-5,CC(C)N(C(C)C)C(=O)SC\C(Cl)=C(/Cl)Cl
Triamterene,396-01-0,NC1=NC(N)=C2N=C(C3=CC=CC=C3)C(N)=NC2=N1
Tribromomethane,75-25-2,BrC(Br)Br
Trichloroacetonitrile,545-06-2,ClC(Cl)(Cl)C#N
"Trichlorobenzene, 1,2,4-",120-82-1,ClC1=CC(Cl)=C(Cl)C=C1
"Trichloroethane, 1,1,2-",79-00-5,ClCC(Cl)Cl
"Trichloroethane, 1,1,1-",71-55-6,CC(Cl)(Cl)Cl
Trichloroethylene,79-01-6,Cl\C=C(\Cl)Cl
Trichlorogalactosucrose,56038-13-2,OC[C@H]1O[C@H](O[C@]2(CCl)O[C@H](CCl)[C@@H](O)[C@@H]2O)[C@H](O)[C@@H](O)[C@H]1Cl
"Trichlorophenol, 2,4,5-",95-95-4,OC1=C(Cl)C=C(Cl)C(Cl)=C1
"Trichlorophenoxyacetic acid, 2,4,5-",93-76-5,OC(=O)COC1=C(Cl)C=C(Cl)C(Cl)=C1
Tridiphane,58138-08-2,ClC1=CC(Cl)=CC(=C1)C2(CO2)CC(Cl)(Cl)Cl
Triethylene tetramine dihydrochloride,38260-01-4,Cl.Cl.NCCNCCNCCN
Trifluralin,1582-09-8,CCCN(CCC)C1=C(C=C(C=C1[N+]([O-])=O)C(F)(F)F)[N+]([O-])=O
"Trimethylaniline, 2,4,5-",137-17-7,CC1=CC(C)=C(N)C=C1C
"Trinitrotoluene, 2,4,6-",118-96-7,CC1=C(C=C(C=C1[N+]([O-])=O)[N+]([O-])=O)[N+]([O-])=O
Tris-(2-chloroethyl) phosphate,115-96-8,ClCCOP(=O)(OCCCl)OCCCl
Trisulfuron,82097-50-5,COC1=NC(NC(=O)NS(=O)(=O)C2=C(OCCCl)C=CC=C2)=NC(C)=N1
Tylosin,1401-69-0,CC[C@H]1OC(=O)C[C@@H](O)C(C)[C@@H](O[C@@H]2O[C@H](C)[C@@H](O[C@H]3C[C@@](C)(O)[C@@H](O)[C@H](C)O3)[C@H](N(C)C)[C@H]2O)[C@@H](CC=O)C[C@@H](C)C(=O)\C=C\C(C)=C\C1COC4O[C@H](C)[C@@H](O)[C@@H](OC)[C@H]4OC
Vinclozolin,50471-44-8,CC1(OC(=O)N(C1=O)C2=CC(Cl)=CC(Cl)=C2)C=C
Vinyl chloride,75-01-4,ClC=C
Zatosetron maleate,123482-23-5,OC(=O)\C=C/C(O)=O.[H]C1(CC2CCC(C1)N2C)NC(=O)C3=CC(Cl)=CC4=C3OC(C)(C)C4
Zearalenone,17924-92-4,C[C@H]1CCCC(=O)CCC\C=C\C2=C(O)C=C(O)C=C2C(=O)O1
Zeranol,55331-29-8,CC1CCCC(O)CCCCCC2=CC(O)=CC(O)=C2C(=O)O1
