SMILES,toxTree.tree.cramer.CramerTreeResult,Cramer 3.10.2005,CLASS,NAME,Comment,toxTree.tree.cramer.CramerRules,NO,
CC(O)=O,"1N,2N,3N,5N,6N,7N,16N,17N,19Y,20Y,21N,18N",Low (Class I),Structural Class I,acetic acid,,Low (Class I),1
CC(O)C(C)=O,"1N,2N,3N,5N,6N,7N,16N,17N,19Y,20Y,21N,18N",Low (Class I),Structural Class I,acetoin,,Low (Class I),2
CC(C)=O,1Y,Low (Class I),Structural Class I,acetone,,Low (Class I),3
OC(=O)CCCCC(O)=O,"1N,2N,3N,5N,6N,7N,16N,17N,19Y,20Y,21N,18N",Low (Class I),Structural Class I,adipic acid,,Low (Class I),4
[Na+].[Na+].COC1=C(C=C(C)C(=C1)S([O-])(=O)=O)\N=N\C2=C(O)C=CC3=CC(=CC=C23)S([O-])(=O)=O,"1N,2N,3Y,4Y(7N,16N,17N,19N,23Y,27Y,28Y,29N,33Y)",Low (Class I),Structural Class I,allura red AC,,Low (Class I),5
NCCCCCCCCCCC(O)=O,"1N,2N,3N,5N,6N,7N,16N,17N,19Y,20Y,21N,18N",Low (Class I),Structural Class I,"aminoundecanoic acid, 11-",,Low (Class I),6
OCC(O)C1OC(=O)C(O)=C1(O),"1N,2N,3N,5N,6N,7Y,8Y,9Y",High (Class III),Structural Class I,ascorbic acid,"Q1,Q5",High (Class III),7
,,,Structural Class I,"ascorbic acid, 1-",,,8
O=Cc1ccccc1,"1N,2N,3N,5N,6N,7N,16N,17N,19N,23Y,27Y,28N,30N,18N",Low (Class I),Structural Class I,benzaldehyde,,Low (Class I),9
OC(=O)c1ccccc1,"1N,2N,3N,5N,6N,7N,16N,17N,19N,23Y,27Y,28N,30N,18N",Low (Class I),Structural Class I,benzoic acid,,Low (Class I),10
CC(=O)OCc1ccccc1,"1N,2N,3N,5N,6N,7N,16N,17N,19N,23Y,27Y,28N,30N,18N",Low (Class I),Structural Class I,benzyl acetate,,Low (Class I),11
OCc1ccccc1,"1N,2N,3N,5N,6N,7N,16N,17N,19N,23Y,27Y,28N,30N,18N",Low (Class I),Structural Class I,benzyl alcohol,,Low (Class I),12
CCCCC(CC)COC(=O)c1ccccc1(C(=O)OCC(CC)CCCC),"1N,2N,3N,5N,6N,7N,16N,17N,19N,23Y,27Y,28N,30N,18N",Low (Class I),Structural Class I,bis(2-ethylhexyl)phthalate,,Low (Class I),13
[Na+].[Na+].[Na+].[Na+].CC(=O)NC1=CC=C(C2=C1C(O)=C(\N=N\C3=CC=C(\N=N\C4=CC=C(C=C4)S([O-])(=O)=O)C5=C3C=C(C=C5)S([O-])(=O)=O)C(=C2)S([O-])(=O)=O)S([O-])(=O)=O,"1N,2N,3Y,4Y(7N,16N,17N,19N,23Y,27Y,28Y,29N,33Y)",Low (Class I),Structural Class I,brilliant black BN,,Low (Class I),14
CC(O)CCO,"1N,2N,3N,5N,6N,7N,16N,17N,19Y,20Y,21N,18N",Low (Class I),Structural Class I,"butanediol, 1,3-",,Low (Class I),15
CCC(C)O,"1N,2N,3N,5N,6N,7N,16N,17N,19Y,20Y,21N,18N",Low (Class I),Structural Class I,"butanol, 2-",,Low (Class I),16
CCCCO,"1N,2N,3N,5N,6N,7N,16N,17N,19Y,20Y,21N,18N",Low (Class I),Structural Class I,"butanol, n-",,Low (Class I),17
CCCCOC(=O)C1=C(C=CC=C1)C(=O)OCC2=CC=CC=C2,"1N,2N,3N,5N,6N,7N,16N,17N,19N,23Y,27Y,28Y,29Y(19Y,20Y,21N,18N)(30N,18N)(30N,18N)",Low (Class I),Structural Class I,butyl benzyl phthalate,,Low (Class I),18
,,,Structural Class I,butylated hydroxyanisole,,,19
O=C1CCCO1,"1N,2N,3N,5N,6N,7Y,8Y,9N,[Open chain]Y,20Y,21N,18N",Low (Class I),Structural Class I,"butyrolactone, gamma-",,Low (Class I),20
[Ca++].[O-]S(=O)(=O)NC1CCCCC1.[O-]S(=O)(=O)NC2CCCCC2,"1N,2N,3Y,4Y,7N,16N,17N,19N,23N,24N,25N,26Y",Intermediate (Class II),Structural Class I,calcium cyclamate,bicyclo!,Intermediate (Class II),21
[Ca++].[O-]C=O.[O-]C=O,"1N,2N,3Y,4Y(7N,16N,17N,19Y,20Y,21N,18N)",Low (Class I),Structural Class I,calcium formate,,Low (Class I),22
[Ca++].CCCCCCCCCCCCCCCCCC(=O)OC(C)C(=O)OC(C)C([O-])=O.CCCCCCCCCCCCCCCCCC(=O)OC(C)C(=O)OC(C)C([O-])=O,"1N,2N,3Y,4Y(7N,16N,17N,19Y,20Y,21N,18N)",Low (Class I),Structural Class I,calcium stearoyl lactylate,,Low (Class I),23
,,,Structural Class I,"carotenoic acid, beta-apo-8'-, methyl ester",,,24
O=CC=Cc1ccccc1,"1N,2N,3N,5N,6N,7N,16N,17N,19N,23Y,27Y,28N,30N,18N",Low (Class I),Structural Class I,cinnamaldehyde,,Low (Class I),25
C\C(C)=C\CC\C(C)=C\C=O,"1N,2N,3N,5N,6N,7N,16N,17N,19Y,20Y,21N,18N",Low (Class I),Structural Class I,citral,,Low (Class I),26
CC(=C\C=C\C=C(C)\C=C\C=C(/C)C1OC2(C)CCCC(C)(C)C2=C1)/C=C/C=C(C)/C=C/C3C(C)=CCCC3(C)C,"1N,2N,3N,5N,6N,7Y,8N,10N,11N,12N,22N,33N",High (Class III),Structural Class I,citranaxanthin    smiles zaCitroxanthin!!!,?,High (Class III),27
CC(C)C1=CC=CC=C1,"1N,2N,3N,5N,6N,7N,16N,17N,19N,23Y,27Y,28N,30N,18N",Low (Class I),Structural Class I,cumene,,Low (Class I),28
CCCCC(CC)COC(=O)CCCCC(=O)OCC(CC)CCCC,"1N,2N,3N,5N,6N,7N,16N,17N,19Y,20Y,21N,18N",Low (Class I),Structural Class I,di(2-ethylhexyl)adipate,,Low (Class I),29
CCCCOC(=O)c1ccccc1(C(=O)OCCCC),"1N,2N,3N,5N,6N,7N,16N,17N,19N,23Y,27Y,28N,30N,18N",Low (Class I),Structural Class I,dibutyl phthalate,,Low (Class I),30
CCOC(=O)c1ccccc1(C(=O)OCC),"1N,2N,3N,5N,6N,7N,16N,17N,19N,23Y,27Y,28N,30N,18N",Low (Class I),Structural Class I,diethyl phthalate,,Low (Class I),31
OCCOCCO,"1N,2N,3N,5N,6N,7N,16N,17N,19Y,20Y,21N,18N",Low (Class I),Structural Class I,diethylene glycol,,Low (Class I),32
CCOCCOCCO,"1N,2N,3N,5N,6N,7N,16N,17N,19Y,20Y,21N,18N",Low (Class I),Structural Class I,diethylene glycol monoethyl ether,,Low (Class I),33
CC(=O)OC1CC(C)OC(C)O1,"1N,2N,3N,5N,6N,7Y,8N,10N,11N,12N,22N,33N",High (Class III),Structural Class I,dimethoxane,?,High (Class III),34
COC(=O)c1ccc(cc1)C(=O)OC,"1N,2N,3N,5N,6N,7N,16N,17N,19N,23Y,27Y,28N,30N,18N",Low (Class I),Structural Class I,dimethyl terephthalate,,Low (Class I),35
COC(=O)OC,"1N,2N,3N,5N,6N,7N,16N,17N,19Y,20Y,21N,18N",High (Class III),Structural Class I,dimethylcarbonate,,Low (Class I),36
COC(=O)OC(=O)OC,"1N,2N,3N,5N,6N,7N,16N,17N,19Y,20Y,21N,18N",High (Class III),Structural Class I,dimethyldicarbonate,,Low (Class I),37
CC1=CC(C)=C(O)C=C1,"1N,2N,3N,5N,6N,7N,16N,17N,19N,23Y,27Y,28N,30N,18N",Low (Class I),Structural Class I,"dimethylphenol, 2,4-",,Low (Class I),38
CC1=CC=CC(C)=C1O,"1N,2N,3N,5N,6N,7N,16N,17N,19N,23Y,27Y,28N,30N,18N",Low (Class I),Structural Class I,"dimethylphenol, 2,6-",,Low (Class I),39
CC1=C(C)C=C(O)C=C1,"1N,2N,3N,5N,6N,7N,16N,17N,19N,23Y,27Y,28N,30N,18N",Low (Class I),Structural Class I,"dimethylphenol, 3,4-",,Low (Class I),40
[Na+].CCCCCCCCOC(=O)CC(C(=O)OCCCCCCCC)S([O-])(=O)=O,"1N,2N,3Y,4Y(7N,16N,17N,19Y,20Y,21N,18N)",Low (Class I),Structural Class I,dioctyl sodium sulfosuccinate,,Low (Class I),41
[Na+].[Na+].NC1=NC2=C(N=CN2[C@@H]3O[C@H](COP([O-])([O-])=O)[C@@H](O)[C@H]3O)C(=O)N1,"1N,2N,3Y,4N",High (Class III),Structural Class I,disodium 5'-guanylate,nucleotides phosphate,High (Class III),42
[Na+].[Na+].O[C@H]1[C@@H](O)[C@@H](O[C@@H]1COP([O-])([O-])=O)N2C=NC3=C2N=CNC3=O,"1N,2N,3Y,4N",High (Class III),Structural Class I,disodium 5'-inosinate,phosphate,High (Class III),43
CCCCCCCCCCCCOC(=O)C1=CC(O)=C(O)C(O)=C1,"1N,2N,3N,5N,6N,7N,16N,17N,19N,23Y,27Y,28N,30N,18N",Low (Class I),Structural Class I,dodecyl gallate,,Low (Class I),44
CCO,"1N,2N,3N,5N,6N,7N,16N,17N,19Y,20Y,21N,18N",Low (Class I),Structural Class I,ethanol,,Low (Class I),45
CCOC(C)=O,"1N,2N,3N,5N,6N,7N,16N,17N,19Y,20Y,21N,18N",Low (Class I),Structural Class I,ethyl acetate,,Low (Class I),46
CCOC(=O)C=C,"1N,2N,3N,5N,6N,7N,16N,17N,19Y,20Y,21N,18N",Low (Class I),Structural Class I,ethyl acrylate,,Low (Class I),47
CCCC(=O)OCC,"1N,2N,3N,5N,6N,7N,16N,17N,19Y,20Y,21N,18N",Low (Class I),Structural Class I,ethyl butyrate,,Low (Class I),48
CCOCC,"1N,2N,3N,5N,6N,7N,16N,17N,19Y,20Y,21N,18N",Low (Class I),Structural Class I,ethyl ether,,Low (Class I),49
CCOC=O,"1N,2N,3N,5N,6N,7N,16N,17N,19Y,20Y,21N,18N",Low (Class I),Structural Class I,ethyl formate,,Low (Class I),50
COCCO,"1N,2N,3N,5N,6N,7N,16N,17N,19Y,20Y,21N,18N",Low (Class I),Structural Class I,ethyl glycol monomethyl ether,,Low (Class I),51
CCCCCCC(=O)OCC,"1N,2N,3N,5N,6N,7N,16N,17N,19Y,20Y,21N,18N",Low (Class I),Structural Class I,ethyl heptanoate,,Low (Class I),52
CCCCCCCCC(=O)OCC,"1N,2N,3N,5N,6N,7N,16N,17N,19Y,20Y,21N,18N",Low (Class I),Structural Class I,ethyl nonanoate,,Low (Class I),53
,,,Structural Class I,"ethyl-1-hexanol, 2-",,,54
CCc1ccccc1,"1N,2N,3N,5N,6N,7N,16N,17N,19N,23Y,27Y,28N,30N,18N",Low (Class I),Structural Class I,ethylbenzene,,Low (Class I),55
CCC(CC)C(O)=O,"1N,2N,3N,5N,6N,7N,16N,17N,19Y,20Y,21N,18N",Low (Class I),Structural Class I,"ethylbutyric acid, 2-",,Low (Class I),56
OCCO,"1N,2N,3N,5N,6N,7N,16N,17N,19Y,20Y,21N,18N",Low (Class I),Structural Class I,ethylene glycol,,Low (Class I),57
CCCCC(CC)C(O)=O,"1N,2N,3N,5N,6N,7N,16N,17N,19Y,20Y,21N,18N",Low (Class I),Structural Class I,"ethylhexanoic acid, 2-",,Low (Class I),58
CCOC(=O)COC(=O)C1=CC=CC=C1C(=O)OCC,"1N,2N,3N,5N,6N,7N,16N,17N,19N,23Y,27Y,28N,30N,18N",Low (Class I),Structural Class I,ethylphthalyl ethylglycolate,,Low (Class I),59
C=CCc1ccc(O)c(OC)c1,"1N,2N,3N,5N,6N,7N,16N,17N,19N,23Y,27Y,28N,30N,18N",Low (Class I),Structural Class I,eugenol,,Low (Class I),60
[Na+].[Na+].CCN(CC1=CC=CC(=C1)S([O-])(=O)=O)C2=CC=C(C=C2)C(=C3/C=CC(\C=C3)=[N+](/CC)CC4=CC=CC(=C4)S([O-])(=O)=O)\C5=CC=CC=C5S([O-])(=O)=O,"1N,2N,3Y,4Y(7N,16N,17N,19N,23Y,27Y,28Y,29N,33Y)",Low (Class I),Structural Class I,FD & C blue No. 1,,Low (Class I),61
[Na+].[Na+].OS(=O)(=O)C1=CC=C2N\C(C(=O)C2=C1)=C3\NC4=C(C=C(C=C4)S(O)(=O)=O)C3=O,"1N,2N,3Y,4N",High (Class III),Structural Class I,FD & C blue no. 2,O- lipswa,High (Class III),62
C=O,"1N,2N,3N,5Y",Low (Class I),Structural Class I,formaldehyde,,,63
OC(=O)C=CC(O)=O,"1N,2N,3N,5N,6N,7N,16N,17N,19Y,20Y,21N,18N",Low (Class I),Structural Class I,fumaric acid,,Low (Class I),64
CC(=O)OCC=C(C)CCC=C(C)C,"1N,2N,3N,5N,6N,7N,16N,17N,19Y,20Y,21N,18N",Low (Class I),Structural Class I,geranyl acetate,,Low (Class I),65
[Na+].NC(CCC(O)=O)C([O-])=O,"1N,2N,3Y,4Y(7N,16N,17N,19Y,20Y,21N,18N)",Low (Class I),Structural Class I,"glutamate, monosodium",,Low (Class I),66
Cl.NC(CCC(O)=O)C(O)=O,"1N,2N,3Y,4N",High (Class III),Structural Class I,glutamic acid hydrochloride,Cl- N+ lipswa,High (Class III),67
NC(CCC(O)=O)C(O)=O,1Y,Low (Class I),Structural Class I,"glutamic acid, 1-",,Low (Class I),68
OCC(O)CO,"1N,2N,3N,5N,6N,7N,16N,17N,19Y,20Y,21N,18N",Low (Class I),Structural Class I,glycerol,,Low (Class I),69
O=C(OCC(COC(=O)C1=CC=CC=C1)OC(=O)C2=CC=CC=C2)C3=CC=CC=C3,"1N,2N,3N,5N,6N,7N,16N,17N,19N,23Y,27Y,28Y,29Y(30N,18N)(19Y,20Y,21N,18N)(30N,18N)(30N,18N)",Low (Class I),Structural Class I,glyceryl tribenzoate,,Low (Class I),70
CCC\C=C\C=O,"1N,2N,3N,5N,6N,7N,16N,17N,19Y,20Y,21N,18N",Low (Class I),Structural Class I,"hexenal, 2- (trans)",,Low (Class I),71
CCCCCCC1=C(O)C=C(O)C=C1,"1N,2N,3N,5N,6N,7N,16N,17N,19N,23Y,27Y,28N,30Y,31N,32Y",Low (Class I),Structural Class I,"hexylresorcinol, 4-",,Intermediate (Class II),72
Oc1ccc(O)cc1,"1N,2N,3N,5N,6N,7N,16N,17N,19N,23Y,27Y,28N,30N,18N",Low (Class I),Structural Class I,hydroquinone,,Low (Class I),73
CCCCOC(=O)C1=CC=C(O)C=C1,"1N,2N,3N,5N,6N,7N,16N,17N,19N,23Y,27Y,28N,30N,18N",Low (Class I),Structural Class I,"hydroxybenzoic acid butyl ester, p-",,Low (Class I),74
CCOC(=O)C1=CC=C(O)C=C1,"1N,2N,3N,5N,6N,7N,16N,17N,19N,23Y,27Y,28N,30N,18N",Low (Class I),Structural Class I,"hydroxybenzoic acid ethyl ester, p-",,Low (Class I),75
COC(=O)C1=CC=C(O)C=C1,"1N,2N,3N,5N,6N,7N,16N,17N,19N,23Y,27Y,28N,30N,18N",Low (Class I),Structural Class I,"hydroxybenzoic acid methyl ester, p-",,Low (Class I),76
CCCOC(=O)C1=CC=C(O)C=C1,"1N,2N,3N,5N,6N,7N,16N,17N,19N,23Y,27Y,28N,30N,18N",Low (Class I),Structural Class I,"hydroxybenzoic acid propyl ester, p-",,Low (Class I),77
CC(=O)CCC1=CC=C(O)C=C1,"1N,2N,3N,5N,6N,7N,16N,17N,19N,23Y,27Y,28N,30N,18N",Low (Class I),Structural Class I,"hydroxybenzyl acetone, p-",,Low (Class I),78
OC1=NC=NC2=C1N=CN2[C@@H]3O[C@H](COP(O)(O)=O)[C@@H](O)[C@H]3O,"1N,2N,3Y,4N",High (Class III),Structural Class I,inosine monophosphate,organo phosphate,High (Class III),79
CC(=O)\C=C\C1C(C)=CCCC1(C)C,"1N,2N,3N,5N,6N,7N,16N,17N,19N,23N,24Y,18N",Low (Class I),Structural Class I,ionone,,Low (Class I),80
CCCC(=O)OCCC(C)C,"1N,2N,3N,5N,6N,7N,16N,17N,19Y,20Y,21N,18N",Low (Class I),Structural Class I,isoamyl butyrate,,Low (Class I),81
CC(C)CCOC(=O)C1=C(O)C=CC=C1,"1N,2N,3N,5N,6N,7N,16N,17N,19N,23Y,27Y,28N,30N,18N",Low (Class I),Structural Class I,isoamyl salicylate,,Low (Class I),82
CC(C)CO,"1N,2N,3N,5N,6N,7N,16N,17N,19Y,20Y,21N,18N",Low (Class I),Structural Class I,isobutyl alcohol,,Low (Class I),83
OC[C@H]1O[C@H](OC[C@@H](O)[C@@H](O)[C@H](O)[C@@H](O)CO)[C@H](O)[C@@H](O)[C@@H]1O,"1N,2N,3N,5N,6N,7Y,8N,10N,11N,12N,22N,33N",High (Class III),Structural Class I,isomaltitol,Q5,High (Class III),84
CC(C)O,"1N,2N,3N,5N,6N,7N,16N,17N,19Y,20Y,21N,18N",Low (Class I),Structural Class I,isopropyl alcohol,,Low (Class I),85
CC(C)CC(O)=O,"1N,2N,3N,5N,6N,7N,16N,17N,19Y,20Y,21N,18N",Low (Class I),Structural Class I,isovaleric acid,,Low (Class I),86
[H][C@@](O[C@@H]1O[C@H](CO)[C@H](O)C(O)[C@H]1O)([C@H](O)CO)[C@H](O)[C@@H](O)CO,"1N,2N,3N,5N,6N,7Y,8N,10N,11N,12N,22N,33N",High (Class III),Structural Class I,lactitol,Q5,High (Class III),87
CC(=C)C1CCC(C)=CC1,"1N,2N,3N,5N,6N,7N,16Y",Low (Class I),Structural Class I,"limonene, d-",,Low (Class I),88
[H][C@]12CC[C@@]3([H])[C@]4([H])CC[C@]([H])([C@H](C)CCC(O)=O)[C@@]4(C)CC[C@]3([H])[C@@]1(C)CC[C@@H](O)C2,"1N,2N,3N,5N,6N,7N,16N,17N,19N,23N,24N,25N,26N,22N,33N",High (Class III),Structural Class I,lithocholic acid,http://www.phaster.com/unpretentious/high-fat_diets_and_cancer.html,High (Class III),89
[Na+].O=C[CH-]C=O,"1N,2N,3Y,4N",High (Class III),Structural Class I,"malonaldehyde, sodium salt",salt ?,High (Class III),90
OCC(O)C(O)C(O)C(O)CO,"1N,2N,3N,5N,6N,7N,16N,17N,19Y,20N,22Y",Intermediate (Class II),Structural Class I,mannitol,Q5,Intermediate (Class II),91
OC[C@@H](O)[C@@H](O)[C@H](O)[C@H](O)CO,"1N,2N,3N,5N,6N,7N,16N,17N,19Y,20N,22Y",Intermediate (Class II),Structural Class I,"mannitol, d-",Q5,Intermediate (Class II),92
CC(C)C1CCC(C)CC1O,"1N,2N,3N,5N,6N,7N,16Y",Low (Class I),Structural Class I,menthol,,Low (Class I),93
CO,"1N,2N,3N,5N,6N,7N,16N,17N,19Y,20Y,21N,18N",Low (Class I),Structural Class I,methanol,,Low (Class I),94
,,,Structural Class I,methyl ethyl carbonate,,,95
COC(=O)C(C)=C,"1N,2N,3N,5N,6N,7N,16N,17N,19Y,20Y,21N,18N",Low (Class I),Structural Class I,methyl methacrylate,,Low (Class I),96
COC(=O)c1ccccc1(O),"1N,2N,3N,5N,6N,7N,16N,17N,19N,23Y,27Y,28N,30N,18N",Low (Class I),Structural Class I,methyl salicylate,,Low (Class I),97
CC(C)CC(O)CC1=CC=CC=C1,"1N,2N,3N,5N,6N,7N,16N,17N,19N,23Y,27Y,28N,30Y,31N,32Y",Low (Class I),Structural Class I,"methyl-1-phenylpentan-2-ol, 4-",,Intermediate (Class II),98
CN(C)C(=S)SCSC(=S)N(C)C,"1N,2N,3N,5N,6N,7N,16N,17N,19Y,20N,22N,33N",High (Class III),Structural Class I,"methylenebis, 2,2'-","Q20, thioester? Kakwo e suedinenieto",High (Class III),99
CC1=CC=CC(O)=C1,"1N,2N,3N,5N,6N,7N,16N,17N,19N,23Y,27Y,28N,30N,18N",Low (Class I),Structural Class I,"methylphenol, 3-",,Low (Class I),100
CC(OC(C)=O)C1=CC=CC=C1,"1N,2N,3N,5N,6N,7N,16N,17N,19N,23Y,27Y,28N,30N,18N",Low (Class I),Structural Class I,methylphenylcarbinyl acetate,,Low (Class I),101
C\C(C)=C\CCC(=C)C=C,"1N,2N,3N,5Y",Low (Class I),Structural Class I,"myrcene, beta-",,Low (Class I),102
CCCCCC1CCC(=O)O1,"1N,2N,3N,5N,6N,7Y,8Y,9N,[Open chain]Y,20Y,21N,18N",Low (Class I),Structural Class I,"nonalactone, gamma-",,Low (Class I),103
CCCCCCCCOC(C)=O,"1N,2N,3N,5N,6N,7N,16N,17N,19Y,20Y,21N,18N",Low (Class I),Structural Class I,octyl acetate,,Low (Class I),104
CCCCCCCCOC(=O)C1=CC(O)=C(O)C(O)=C1,"1N,2N,3N,5N,6N,7N,16N,17N,19N,23Y,27Y,28N,30N,18N",Low (Class I),Structural Class I,octyl gallate,,Low (Class I),105
CCCCCCCC\C=C\CCCCCCCCN,"1N,2N,3N,5N,6N,7N,16N,17N,19Y,20Y,21N,18N",Low (Class I),Structural Class I,oleylamine,,Low (Class I),106
OC(=O)C(O)=O,"1N,2N,3N,5N,6N,7N,16N,17N,19Y,20Y,21N,18N",Low (Class I),Structural Class I,oxalic acid,,Low (Class I),107
Oc1ccccc1,"1N,2N,3N,5N,6N,7N,16N,17N,19N,23Y,27Y,28N,30N,18N",Low (Class I),Structural Class I,phenol,,Low (Class I),108
OCCOC1=CC=CC=C1,"1N,2N,3N,5N,6N,7N,16N,17N,19N,23Y,27Y,28N,30Y,31N,32Y",Intermediate (Class II),Structural Class I,phenoxyethanol,Q31?,Intermediate (Class II),109
,,,Structural Class I,"phenyl-1-propanol, 2-",,,110
OC(=O)C(N)Cc1ccccc1,1Y,Low (Class I),Structural Class I,phenylalanine,,Low (Class I),111
[K+].C\C=C\C=C\C([O-])=O,"1N,2N,3Y,4Y(7N,16N,17N,19Y,20Y,21N,18N)",Low (Class I),Structural Class I,potassium sorbate,,Low (Class I),112
CCCOC(=O)c1cc(O)c(O)c(O)c1,"1N,2N,3N,5N,6N,7N,16N,17N,19N,23Y,27Y,28N,30N,18N",Low (Class I),Structural Class I,propyl gallate,,Low (Class I),113
CC(O)CO,"1N,2N,3N,5N,6N,7N,16N,17N,19Y,20Y,21N,18N",Low (Class I),Structural Class I,propylene glycol,,Low (Class I),114
Oc1cccc(O)c1,"1N,2N,3N,5N,6N,7N,16N,17N,19N,23Y,27Y,28N,30N,18N",Low (Class I),Structural Class I,resorcinol,,Low (Class I),115
OCC=C(C)C=CC=C(C)C=CC1=C(C)CCCC1(C)(C),"1N,2N,3N,5N,6N,7N,16N,17N,19N,23N,24Y,18N",Low (Class I),Structural Class I,retinol,,Low (Class I),116
OCC(O)C(O)C(O)CN2c3cc(C)c(C)cc3(N=C1C(=O)NC(=O)N=C12),"1N,2N,3N,5N,6N,7Y,8N,10N,11N,12N,22Y",High (Class III),Structural Class I,riboflavin,Q1,Intermediate (Class II),117
[Na+].[O-]C(=O)C1=CC=CC=C1,"1N,2N,3Y,4Y(7N,16N,17N,19N,23Y,27Y,28N,30N,18N)",Low (Class I),Structural Class I,sodium benzoate,,Low (Class I),118
[Na+].OC[C@H](O)C1OC(=O)C(O)=C1[O-],"1N,2N,3Y,4N",High (Class III),Structural Class I,sodium erythorbate,Q4? Salt,High (Class III),119
[Na+].O=S([O-])(=O)OCC(O)COCCCCCCCCCCCC,"1N,2N,3Y,4Y(7N,16N,17N,19Y,20Y,21N,18N)",High (Class III),Structural Class I,sodium lauryl glyceryl ether sulfonate,[Na+].O=S([O-])(=O)OCC(O)COCCCCCCCCCCCC,Low (Class I),120
[Na+].CCCCCCCCCCCCOCCOCCOCCOS([O-])(=O)=O,"1N,2N,3Y,4Y(7N,16N,17N,19Y,20Y,21N,18N)",Low (Class I),Structural Class I,sodium lauryl trioxyethylene sulfate,,Low (Class I),121
no structure data,,,Structural Class I,sodium stearoyl lactylate,,,122
CC=CC=CC(O)=O,"1N,2N,3N,5N,6N,7N,16N,17N,19Y,20Y,21N,18N",Low (Class I),Structural Class I,sorbic acid,,Low (Class I),123
,,,Structural Class I,stearyl tartrate,,,124
C=Cc1ccccc1,"1N,2N,3N,5N,6N,7N,16N,17N,19N,23Y,27Y,28N,30N,18N",Low (Class I),Structural Class I,styrene,,Low (Class I),125
CCCCCCCCCCCCCCCC(=O)O[C@]1(O[C@H](CO)[C@@H](O)[C@H](O)[C@H]1O)[C@@]2(CO)O[C@H](CO)[C@@H](O)[C@@H]2O,"1N,2N,3N,5N,6N,7Y,8N,10N,11N,12N,22N,33N",High (Class III),Structural Class I,sucrose monopalmitate,carbohydrate?,High (Class III),126
CCCCCCCCCCCCCCCCCC(=O)O[C@]1(O[C@H](CO)[C@@H](O)[C@H](O)[C@H]1O)[C@@]2(CO)O[C@H](CO)[C@@H](O)[C@@H]2O,"1N,2N,3N,5N,6N,7Y,8N,10N,11N,12N,22N,33N",High (Class III),Structural Class I,sucrose monostearate,carbohydrate?,High (Class III),127
OC(=O)C(O)C(O)C(O)=O,"1N,2N,3N,5N,6N,7N,16N,17N,19Y,20Y,21N,18N",Low (Class I),Structural Class I,tartaric acid,,Low (Class I),128
CC(C)(C)C1=C(O)C=CC(O)=C1,"1N,2N,3N,5N,6N,7N,16N,17N,19N,23Y,27Y,28N,30N,18N",Low (Class I),Structural Class I,tertiary butyl hydroquinone,,Low (Class I),129
CC(=C/C=O)\C=C\C=C(C)\C=C\C1=C(C)CCCC1(C)C,"1N,2N,3N,5N,6N,7N,16N,17N,19N,23N,24Y,18N",Low (Class I),Structural Class I,"tocopherol, alpha-",,Low (Class I),130
[#6]-[#117].O=CC1=CC=CC=C1,,,Structural Class I,tolualdehyde,,,131
Cc1ccccc1,"1N,2N,3N,5N,6N,7N,16N,17N,19N,23Y,27Y,28N,30N,18N",Low (Class I),Structural Class I,toluene,,Low (Class I),132
OCCOCCOCCO,"1N,2N,3N,5N,6N,7N,16N,17N,19Y,20Y,21N,18N",Low (Class I),Structural Class I,triethylene glycol,,Low (Class I),133
COCCOCCOCCO,"1N,2N,3N,5N,6N,7N,16N,17N,19Y,20Y,21N,18N",Low (Class I),Structural Class I,triethylene glycol monomethyl ether,,Low (Class I),134
CN(C)C,"1N,2N,3N,5N,6N,7N,16N,17N,19Y,20Y,21N,18N",Low (Class I),Structural Class I,trimethylamine,,Low (Class I),135
CCCCCCCC1CCC(=O)O1,"1N,2N,3N,5N,6N,7Y,8Y,9N,[Open chain]Y,20Y,21N,18N",Low (Class I),Structural Class I,"undecalactone, gamma-",,Low (Class I),136
COC1=C(O)C=CC(C=O)=C1,"1N,2N,3N,5N,6N,7N,16N,17N,19N,23Y,27Y,28N,30N,18N",Low (Class I),Structural Class I,vanillin,,Low (Class I),137
OCC(O)C(O)C(O)CO,"1N,2N,3N,5N,6N,7N,16N,17N,19Y,20N,22N,33N",High (Class III),Structural Class I,xylitol,carbohydrate?,High (Class III),138
C=CC(O)=O,"1N,2N,3N,5N,6N,7N,16N,17N,19Y,20Y,21N,18Y",Intermediate (Class II),Structural Class II,acrylic acid,,Intermediate (Class II),1
OCC=C,"1N,2N,3N,5N,6N,7N,16N,17N,19Y,20Y,21N,18Y",Intermediate (Class II),Structural Class II,allyl alcohol,,Intermediate (Class II),2
CCCCCCC(=O)OCC=C,"1N,2N,3N,5N,6N,7N,16N,17N,19Y,20Y,21N,18Y",Intermediate (Class II),Structural Class II,allyl heptanoate,,Intermediate (Class II),3
CCCCCC(=O)OCC=C,"1N,2N,3N,5N,6N,7N,16N,17N,19Y,20Y,21N,18Y",Intermediate (Class II),Structural Class II,allyl hexanoate,,Intermediate (Class II),4
CC1=CC(=C(O)C(=C1)C(C)(C)C)C(C)(C)C,"1N,2N,3N,5N,6N,7N,16N,17N,19N,23Y,27Y,28N,30N,18Y",Intermediate (Class II),Structural Class II,butylated hydroxytoluene,,Intermediate (Class II),5
CN1CNC2N(C)C(=O)N(C)C(=O)C12,"1N,2N,3N,5N,6N,7Y,8N,10N,11N,12N,22N,33N",High (Class III),Structural Class II,caffeine,smiles,High (Class III),6
CC1=C(\C=C\C(C)=C\C=C\C(C)=C\C=C\C=C(C)\C=C\C=C(C)\C=C\C2=C(C)CCCC2(C)C)C(C)(C)CCC1,"1N,2N,3N,5N,6N,7N,16N,17N,19N,23N,24N,25N,26Y",Intermediate (Class II),Structural Class II,"carotene, beta-",,Intermediate (Class II),7
CC(=C)C1CC=C(C)C(=O)C1,"1N,2N,3N,5N,6N,7N,16N,17N,19N,23N,24N,25N,26Y",Intermediate (Class II),Structural Class II,carvone,,Intermediate (Class II),8
CC(=C)[C@H]1CC=C(C)C(=O)C1,"1N,2N,3N,5N,6N,7N,16N,17N,19N,23N,24N,25N,26Y",Intermediate (Class II),Structural Class II,"carvone, d-",,Intermediate (Class II),9
CC(=O)C(C)=O,"1N,2N,3N,5N,6N,7N,16N,17N,19Y,20N,22Y",Intermediate (Class II),Structural Class II,diacetyl,,Intermediate (Class II),10
C=CCOC(=O)c1ccccc1(C(=O)OCC=C),"1N,2N,3N,5N,6N,7N,16N,17N,19N,23Y,27Y,28N,30N,18Y",Intermediate (Class II),Structural Class II,diallyl phthalate,,Intermediate (Class II),11
O=C1NCCNC1=O,"1N,2N,3N,5N,6N,7Y,8N,10N,11N,12N,22N,33N",High (Class III),Structural Class II,diketopiperazine,foodmol,High (Class III),12
CCC1=C(O)C(=O)C=CO1,"1N,2N,3N,5N,6N,7Y,8N,10N,11N,12N,22Y",Intermediate (Class II),Structural Class II,ethyl maltol,,Intermediate (Class II),13
CCOC1=C(O)C=CC(C=O)=C1,"1N,2N,3N,5N,6N,7N,16N,17N,19N,23Y,27Y,28N,30Y,31N,32Y",Intermediate (Class II),Structural Class II,ethyl vanillin,foodmol,Intermediate (Class II),14
,,,Structural Class II,"ethylhexyl phthalate, mono-2",,,15
CCOC(=O)C=C(C)C=CC=C(C)C=Cc1c(C)cc(OC)c(C)c1(C),"1N,2N,3N,5N,6N,7N,16N,17N,19N,23Y,27Y,28N,30Y(31N,32Y)(31N,32Y)",Low (Class I),Structural Class II,etretinate,Q30,Intermediate (Class II),16
CSc1ccc(cc1(C))OP(=S)(OC)OC,"1N,2N,3Y,4N",High (Class III),Structural Class II,fenthion,phosphor,High (Class III),17
O=CC1=CC=CO1,"1N,2N,3N,5N,6N,7Y,8N,10N,11N,12Y,13Y,14N,22N,33N",High (Class III),Structural Class II,furfural,vreden,High (Class III),18
CC(=O)O[C@@H]1C[C@@H]2CC[C@]1(C)C2(C)C,"1N,2N,3N,5N,6N,7N,16N,17Y(19Y,20Y,21N,18N)(18N)",Low (Class I),Structural Class II,isobornyl acetate,terpene,Low (Class I),19
CC1=CC(=O)CC(C)(C)C1,"1N,2N,3N,5N,6N,7N,16N,17N,19N,23N,24N,25N,26Y",Intermediate (Class II),Structural Class II,isophorone,,Intermediate (Class II),20
CC1=C(O)C(=O)C=CO1,"1N,2N,3N,5N,6N,7Y,8N,10N,11N,12N,22Y",Intermediate (Class II),Structural Class II,maltol,,Intermediate (Class II),21
CCCCCC(C)=O,"1N,2N,3N,5N,6N,7N,16N,17N,19Y,20Y,21N,18Y",Intermediate (Class II),Structural Class II,methyl amyl ketone,,Intermediate (Class II),22
COC(=O)C1=C(N)C=CC=C1,"1N,2N,3N,5N,6N,7N,16N,17N,19N,23Y,27Y,28N,30Y(31N,32Y)(31N,32N,22N,33N)",High (Class III),Structural Class II,methyl anthranilate,vredno,High (Class III),23
C1CCNCC1,"1N,2N,3N,5N,6N,7Y,8N,10N,11N,12N,22N,33N",High (Class III),Structural Class II,piperidine,vredno,High (Class III),24
O=Cc1ccc2OCOc2(c1),"1N,2N,3N,5N,6N,7Y,8N,10N,11N,12N,22N,33N",High (Class III),Structural Class II,piperonal,foodmol,High (Class III),25
C[C@H]1C(C(O)=O)(C(O)=O)[C@@H]1C(O)=O,"1N,2N,3N,5N,6N,7N,16N,17N,19N,23N,24N,25Y",Intermediate (Class II),Structural Class II,propargyl alcohol,,Intermediate (Class II),26
c1ccncc1,"1N,2N,3N,5N,6N,7Y,8N,10N,11N,12Y,13N",High (Class III),Structural Class II,pyridine,vredno,High (Class III),27
CC(C)C12(CC(=O)C(C)C2(C1)),"1N,2N,3N,5N,6N,7N,16N,17N,19N,23N,24N,25N,26N,22N,33N",High (Class III),Structural Class II,thujone,vredno,High (Class III),28
Cl.Cl.NCCNC1=C2C=CC=CC2=CC=C1,"1N,2N,3Y,4N",High (Class III),Structural Class III,"(1-naphthyl)ethylene--diamine dihydro chloride, N-",,High (Class III),1
[Cl-].C[N+](C)(C)CCCl,"1N,2Y",High (Class III),Structural Class III,(2-chloroethyl)trimethyl-ammonium chloride,,High (Class III),2
,,,Structural Class III,(8-beta)N-cyclohexyl-6-methyl- 1 -(1 -methyl,,,3
,,,Structural Class III,ethyl)ergoline-8 -carboxamide,,,
CC(=O)NC1=CC=C(C=C1)C(=O)CCl,"1N,2N,3Y,4N",High (Class III),Structural Class III,"(chloroacetyl)-acetanilide, 4'-",,High (Class III),4
ClC1=CC=C(C=C1)C(C2=CC=C(Cl)C=C2)C(Cl)(Cl)Cl,"1N,2N,3Y,4N",High (Class III),Structural Class III,"1,1'-(2,2,2-trichloroethylidene)bis(4-chloro)-benzene",,High (Class III),5
OC(=O)C1=CC2=C(C=C1)N=C3C=CC=CN3C2=O,"1N,2N,3N,5N,6N,7Y,8N,10N,11N,12N,22N,33N",High (Class III),Structural Class III,"11-oxo-11H-pyrido(2,1-b)quinazoline-2-carboxylic acid",,High (Class III),6
CC(OC1=C(Cl)C=C(Cl)C(Cl)=C1)C(O)=O,"1N,2N,3Y,4N",High (Class III),Structural Class III,"2(2,4,5-trichlorophenoxy) propionic acid",,High (Class III),7
CC(OC1=C(C)C=C(Cl)C=C1)C(O)=O,"1N,2N,3Y,4N",High (Class III),Structural Class III,2-(2-methyl--4-chlorophenoxy)propionic acid,,High (Class III),8
CC1=C(OCCCC(O)=O)C=CC(Cl)=C1,"1N,2N,3Y,4N",High (Class III),Structural Class III,4-(2-methyl-4-chlorophenoxy) butyric acid,,High (Class III),9
C1CC2=CC=CC3=C2C1=CC=C3,"1N,2N,3N,5N,6N,7N,16N,17N,19N,23Y,27N",High (Class III),Structural Class III,acenaphthene,,High (Class III),10
COP(=O)(SC)NC(=O)C,"1N,2N,3Y,4N",High (Class III),Structural Class III,acephate,,High (Class III),11
[K+].CC1=CC([O-])=NS(=O)(=O)O1,"1N,2N,3Y,4N",High (Class III),Structural Class III,acesulfame potassium,,High (Class III),12
CC(=O)Nc1ccc(O)cc1,"1N,2N,3N,5N,6N,7N,16N,17N,19N,23Y,27Y,28N,30Y,31N,32N,22N,33N",High (Class III),Structural Class III,acetaminophen,,High (Class III),13
CC(=O)CC(N)=O,"1N,2N,3N,5N,6N,7N,16N,17N,19Y,20N,22N,33N",High (Class III),Structural Class III,acetoacetamide,,High (Class III),14
,,,Structural Class III,acetoacetamide-N-sulfonic acid,,,15
CCOCN(C(=O)CCl)c1c(C)cccc1(CC),"1N,2N,3Y,4N",High (Class III),Structural Class III,acetochlor,,High (Class III),16
CC#N,"1N,2Y",High (Class III),Structural Class III,acetonitrile,,High (Class III),17
,,,Structural Class III,acifluorin sodium,,,18
C=CC(N)=O,"1N,2N,3N,5N,6N,7N,16N,17N,19Y,20Y,21N,18Y",Intermediate (Class II),Structural Class III,acrylamide,OK,Intermediate (Class II),19
C=CC#N,"1N,2Y",High (Class III),Structural Class III,acrylonitrile,,High (Class III),20
COCN(C(=O)CCl)c1c(CC)cccc1(CC),"1N,2N,3Y,4N",High (Class III),Structural Class III,alachlor,,High (Class III),21
CCCSc1ccc2NC(NC(=O)OC)Nc2(c1),"1N,2N,3N,5N,6N,7Y,8N,10N,11Y,33N",High (Class III),Structural Class III,albendazole,,High (Class III),22
CCCS(=O)c1ccc2NC(NC(=O)OC)Nc2(c1),"1N,2N,3Y,4N",High (Class III),Structural Class III,albendazole sulfoxide,,High (Class III),23
CNC(=O)ON=CC(C)(C)SC,"1N,2N,3N,5N,6N,7N,16N,17N,19Y,20N,22N,33N",High (Class III),Structural Class III,aldicarb,,High (Class III),24
CNC(=O)ON=CC(C)(C)S(C)(=O)=O,"1N,2N,3Y,4N",High (Class III),Structural Class III,aldicarb sulfone,,High (Class III),25
Br.ClC1=CC=CC(Cl)=C1N(CC=C)C2=NCCN2,"1N,2N,3Y,4N",High (Class III),Structural Class III,alinidine hydrobromide,,High (Class III),26
CC(C)CC(=O)OCC=C,"1N,2N,3N,5N,6N,7N,16N,17N,19Y,20Y,21N,18Y",Intermediate (Class II),Structural Class III,allyl isovalerate,OK,Intermediate (Class II),27
[Na+].[Na+].[Na+].OC1=C(C=C2C=C(C=CC2=C1\N=N\C3=C4C=CC=CC4=C(C=C3)S([O-])(=O)=O)S([O-])(=O)=O)S([O-])(=O)=O,"1N,2N,3Y,4Y(7N,16N,17N,19N,23Y,27Y,28Y,29N,33Y)",Low (Class I),Structural Class III,amaranth,,Low (Class I),28
CC1=CC=CC(C)=C1NC(=O)C2=CC=C(N)C=C2,"1N,2N,3N,5N,6N,7N,16N,17N,19N,23Y,27Y,28Y,29N,33N",High (Class III),Structural Class III,ameltolide,,High (Class III),29
CCNC1=NC(NC(C)C)=NC(SC)=N1,"1N,2N,3N,5N,6N,7Y,8N,10N,11Y,33N",High (Class III),Structural Class III,ametryn,,High (Class III),30
CCOC1=CC=C(NC(C)=O)C=C1N,"1N,2N,3N,5N,6N,7N,16N,17N,19N,23Y,27Y,28N,30Y,31N,32N,22N,33N",High (Class III),Structural Class III,"amino-4-ethoxy-acetanilide, 3-",,High (Class III),31
NC1=C(O)C=CC(=C1)[N+]([O-])=O,"1N,2Y",High (Class III),Structural Class III,"amino-4-nitrophenol, 2-",,High (Class III),32
NC1=C(O)C=C(C=C1)[N+]([O-])=O,"1N,2Y",High (Class III),Structural Class III,"amino-5-nitrophenol, 2-",,High (Class III),33
NC1=CC=C(O)C=C1,"1N,2N,3N,5N,6N,7N,16N,17N,19N,23Y,27Y,28N,30Y,31N,32N,22N,33N",High (Class III),Structural Class III,"aminophenol, p-",,High (Class III),34
CN(C=Nc1ccc(C)cc1(C))C=Nc2ccc(C)cc2(C),"1N,2N,3N,5N,6N,7N,16N,17N,19N,23Y,27Y,28Y,29N,33N",High (Class III),Structural Class III,amitraz,,High (Class III),35
,,,Structural Class III,ammonium carmine,,,36
OS(O)(=O)=O.CC(N)CC1=CC=CC=C1.CC(N)CC2=CC=CC=C2,"1N,2N,3Y,4N",High (Class III),Structural Class III,"amphetamine sulfate, dl-",,High (Class III),37
O.O.O.[H][C@]12SC(C)(C)[C@@H](N1C(=O)[C@H]2NC(=O)[C@H](N)C3=CC=CC=C3)C(O)=O,"1N,2N,3N,5N,6N,7Y,8N,10N,11Y,33N",High (Class III),Structural Class III,ampicillin trihydrate,,High (Class III),38
COC1=CC=C(\C=C\C)C=C1,"1N,2N,3N,5N,6Y",High (Class III),Structural Class III,"anethole, trans-",,High (Class III),39
Clc1nc(Cl)nc(n1)Nc2ccccc2(Cl),"1N,2N,3Y,4N",High (Class III),Structural Class III,anilazine,,High (Class III),40
[Cl-].COC1=CC=C([NH3+])C=C1,"1N,2N,3Y,4Y(7N,16N,17N,19N,23Y,27Y,28N,30Y,31N,32N,22N,33N)",High (Class III),Structural Class III,"anisidine hydrochloride, p-",,High (Class III),41
NC1=C(C=CC=C1)C(O)=O,"1N,2N,3N,5N,6N,7N,16N,17N,19N,23Y,27Y,28N,30Y,31N,32N,22N,33N",High (Class III),Structural Class III,anthranilic acid,,High (Class III),42
ClC1=CC=CC=C1C2=CC=CC=C2,"1N,2N,3Y,4N",High (Class III),Structural Class III,arochlor 1254,,High (Class III),43
COC(=O)C(Cc1ccccc1)NC(=O)C(N)CC(O)=O,"1N,2N,3N,5N,6N,7N,16N,17N,19N,23Y,27Y,28N,30Y(31N,32Y)(31N,32N,22N,33N)",High (Class III),Structural Class III,aspartame,,High (Class III),44
COC(=O)NS(=O)(=O)c1ccc(N)cc1,"1N,2N,3Y,4N",High (Class III),Structural Class III,asulam,,High (Class III),45
CCNc1nc(Cl)nc(NC(C)C)n1,"1N,2N,3Y,4N",High (Class III),Structural Class III,atrazine,,High (Class III),46
CCC(C)C1OC5(C=CC1(C))(OC4CC=C(C)C(OC3OC(C)C(OC2OC(C)C(O)C(OC)C2)C(OC)C3)C(C)C=CC=C6COC7C(O)C(C)=CC(C(=O)OC(C4)C5)C67(O)),"1N,2N,3N,5N,6N,7Y,8N,10N,11N,12N,22N,33N",High (Class III),Structural Class III,avermectin B1,,High (Class III),47
FC1CCC(CC1)C(=O)CCCN2CCN(CC2)C=3NCC=CC=3,"1N,2N,3Y,4N",High (Class III),Structural Class III,azaperone,,High (Class III),48
COP(=S)(OC)SCN2N=Nc1ccccc1C2(=O),"1N,2N,3Y,4N",High (Class III),Structural Class III,azinphos methyl,,High (Class III),49
[Na+].[Na+].OC1=C2C=CC=CC2=C(C=C1\N=N/C3=C4C=CC=CC4=C(C=C3)S([O-])(=O)=O)S([O-])(=O)=O,"1N,2N,3Y,4Y(7N,16N,17N,19N,23Y,27Y,28Y,29N,33Y)",Low (Class I),Structural Class III,azorubine,,Low (Class I),50
CCC1=CC(=C2C=C(C=CC=C12)C(C)C)S(O)(=O)=O,"1N,2N,3Y,4Y(7N,16N,17N,19N,23Y,27Y,28N,30N,18N)",Low (Class I),Structural Class III,azuletil (KT1-32),,Low (Class I),51
CC1(C)[C@@H](\C=C(\Cl)Cl)[C@H]1C(=O)O[C@@H](C#N)C2=CC(OC3=CC=CC=C3)=C(F)C=C2,"1N,2Y",High (Class III),Structural Class III,baythroid,,High (Class III),52
CCCCNC(=O)N2C(NC(=O)OC)NC1CCCC=C12,"1N,2N,3N,5N,6N,7Y,8N,10N,11Y,33N",High (Class III),Structural Class III,benomyl,,High (Class III),53
CC(C)N1C(=O)C2=C(NS1(=O)=O)C=CC=C2,"1N,2N,3Y,4N",High (Class III),Structural Class III,bentazon,,High (Class III),54
c1ccc2OCCc2(c1),"1N,2N,3N,5N,6N,7Y,8N,10N,11N,12N,22N,33N",High (Class III),Structural Class III,benzofuran,,High (Class III),55
,,,Structural Class III,"benzoic acid, 2-[[[[N-(4-methoxy-6-methyl-1,2,3-triazin-2-yl)-N-methylamino]carbonyl]amino]sulfonyl] methyl ester",,,56
OC(c1ccccc1)C(=O)c2ccccc2,"1N,2N,3N,5N,6N,7N,16N,17N,19N,23Y,27Y,28Y,29N,33N",High (Class III),Structural Class III,benzoin,,High (Class III),57
[Na+].CCN(CC1=CC(=CC=C1)S(O)(=O)=O)C2=CC=C(C=C2)\C(C3=CC=C(C=C3)N(C)C)=C4/C=CC(\C=C4)=[N+](\CC)CC5=CC(=CC=C5)S([O-])(=O)=O,"1N,2N,3Y,4Y(7N,16N,17N,19N,23Y,27Y,28Y,29N,33N)",High (Class III),Structural Class III,benzyl violet 4B,,High (Class III),58
OC1=C(CC2=CC=CC=C2)C=C(Cl)C=C1,"1N,2N,3Y,4N",High (Class III),Structural Class III,"benzyl-p-chlorophenol, o-",,High (Class III),59
CC(C)NCC(O)COc2ccc(CCOCC1CC1)cc2,"1N,2N,3N,5N,6N,7N,16N,17N,19N,23Y,27Y,28N,30Y,31N,32N,22N,33N",High (Class III),Structural Class III,betaxolol,,High (Class III),60
COP(=O)(OC)O\C(C)=C\C(=O)N(C)C,"1N,2N,3Y,4N",High (Class III),Structural Class III,bidrin,,High (Class III),61
CC1=C(C=CC=C1COC(=O)C2C(C)(C)C2\C=C(/Cl)C(F)(F)F)C3=CC=CC=C3,"1N,2N,3Y,4N",High (Class III),Structural Class III,biphenthrin,,High (Class III),62
C1=CC=C(C=C1)C2=CC=CC=C2,"1N,2N,3N,5N,6N,7N,16N,17N,19N,23Y,27Y,28Y,29N,33N",High (Class III),Structural Class III,"biphenyl, 1,1-",,High (Class III),63
[Cl-].[NH3+]C1=C(C=CC=C1)C2=CC=CC=C2,"1N,2N,3Y,4Y(7N,16N,17N,19N,23Y,27Y,28Y,29N,33N)",High (Class III),Structural Class III,"biphenylamine hydrochloride, 2-",,High (Class III),64
CC(CCl)OC(C)CCl,"1N,2N,3Y,4N",High (Class III),Structural Class III,bis(2-chloro-1-methyl-ethyl)ether Technical Grade,,High (Class III),65
CC(C)(Cl)OC(C)(C)Cl,"1N,2N,3Y,4N",High (Class III),Structural Class III,bis(2-chloroisopropyl)ether,,High (Class III),66
CC(C)(C1=CC=C(O)C=C1)C2=CC=C(O)C=C2,"1N,2N,3N,5N,6N,7N,16N,17N,19N,23Y,27Y,28Y,29N,33N",High (Class III),Structural Class III,bisphenol A,,High (Class III),67
OC(=O)CBr,"1N,2N,3Y,4N",High (Class III),Structural Class III,"bromoacetic acid, 2-",,High (Class III),68
ClC(Cl)Br,"1N,2N,3Y,4N",High (Class III),Structural Class III,bromodichloromethane,,High (Class III),69
CBr,"1N,2N,3Y,4N",High (Class III),Structural Class III,bromomethane,,High (Class III),70
OC1=C(Br)C=C(C=C1Br)C#N,"1N,2Y",High (Class III),Structural Class III,bromoxynil,,High (Class III),71
CCCCCCCC(=O)OC1=C(Br)C=C(C=C1Br)C#N,"1N,2Y",High (Class III),Structural Class III,bromoxynil octanoate,,High (Class III),72
[Na+].[Na+].[Na+].CC1=C(N)C=C(N)C(=C1)\N=N\C2=CC=C(C=C2)S([O-])(=O)=O.NC3=CC(N)=C(C=C3\N=N\C4=CC=C(C=C4)S([O-])(=O)=O)\N=N\C5=CC=C(C=C5)S([O-])(=O)=O,"1N,2N,3Y,4Y(7N,16N,17N,19N,23Y,27Y,28Y,29N,33N)(7N,16N,17N,19N,23Y,27Y,28Y,29N,33N)",High (Class III),Structural Class III,brown FK,,High (Class III),73
CCCCCl,"1N,2N,3Y,4N",High (Class III),Structural Class III,"butyl chloride, n-",,High (Class III),74
CCSC(=O)N(CC(C)C)CC(C)C,"1N,2N,3N,5N,6N,7N,16N,17N,19Y,20N,22N,33N",High (Class III),Structural Class III,butylate,,High (Class III),75
[Ca++].[N--]C#N,"1N,2N,3Y,4N",High (Class III),Structural Class III,calcium cyanamide,,High (Class III),76
CC(=CC=CC=C(C)C=CC=C(C)C=CC1=C(C)C(=O)CCC1(C)(C))C=CC=C(C)C=CC2=C(C)C(=O)CCC2(C)(C),"1N,2N,3N,5N,6N,7N,16N,17N,19N,23N,24N,25N,26Y",Intermediate (Class II),Structural Class III,canthaxanthin,OK,Intermediate (Class II),77
O=C1CCCCCN1,"1N,2N,3N,5N,6N,7Y,8N,10N,11N,12N,22N,33N",High (Class III),Structural Class III,caprolactam,,High (Class III),78
ClC(Cl)C(Cl)(Cl)SN1C(=O)C2CC=CCC2(C1(=O)),"1N,2N,3Y,4N",High (Class III),Structural Class III,captafol,,High (Class III),79
O=C1N(SC(Cl)(Cl)Cl)C(=O)C2CC=CCC12,"1N,2N,3Y,4N",High (Class III),Structural Class III,captan,,High (Class III),80
OC(COc2cccc3nc1ccccc1c23)CNC(C)C,"1N,2N,3N,5N,6N,7Y,8N,10N,11Y,33N",High (Class III),Structural Class III,carazolol,,High (Class III),81
CNC(=O)OC1=C2C=CC=CC2=CC=C1,"1N,2N,3N,5N,6N,7N,16N,17N,19N,23Y,27Y,28Y,29N,33N",High (Class III),Structural Class III,carbaryl,,High (Class III),82
COC(=O)NC1Nc2ccccc2(N1),"1N,2N,3N,5N,6N,7Y,8N,10N,11Y,33N",High (Class III),Structural Class III,carbendazim,,High (Class III),83
O=C(Oc2cccc1c2(OC(C)(C)C1))NC,"1N,2N,3N,5N,6N,7Y,8N,10N,11Y,33N",High (Class III),Structural Class III,carbofuran,,High (Class III),84
ClC(Cl)(Cl)Cl,"1N,2N,3Y,4N",High (Class III),Structural Class III,carbon tetrachloride,,High (Class III),85
CCCCN(CCCC)SN(C)C(=O)OC1=CC=CC2=C1OC(C)(C)C2,"1N,2N,3N,5N,6N,7Y,8N,10N,11Y,33N",High (Class III),Structural Class III,carbosulfan,,High (Class III),86
CC=1OCCSC=1C(=O)Nc2ccccc2,"1N,2N,3N,5N,6N,7Y,8N,10N,11Y,33N",High (Class III),Structural Class III,carboxin,,High (Class III),87
[Na+].[Na+].OC1=C2C=CC=CC2=C(C=C1\N=N/C3=C4C=CC=CC4=C(C=C3)S([O-])(=O)=O)S([O-])(=O)=O,"1N,2N,3Y,4Y(7N,16N,17N,19N,23Y,27Y,28Y,29N,33Y)",Low (Class I),Structural Class III,carmoisine,sulphonate groups!,Low (Class I),88
NC1=CC(Cl)=CC(C(O)=O)=C1Cl,"1N,2N,3Y,4N",High (Class III),Structural Class III,chloramben,,High (Class III),89
ClC2=C(Cl)C3(Cl)(C1C(Cl)C(Cl)CC1C2(Cl)C3(Cl)(Cl)),"1N,2N,3Y,4N",High (Class III),Structural Class III,chlordane,,High (Class III),90
OC(=O)C1C(C(O)=O)C2(Cl)C(Cl)=C(Cl)C1(Cl)C2(Cl)Cl,"1N,2N,3Y,4N",High (Class III),Structural Class III,chlorendic acid,,High (Class III),91
CCOC(=O)c1ccccc1S(=O)(=O)NC(=O)NC2NC(Cl)C=C(OC)N2,"1N,2N,3Y,4N",High (Class III),Structural Class III,chlorimuron-ethyl,,High (Class III),92
CC1=C(Cl)C=C(N)C=C1,"1N,2N,3Y,4N",High (Class III),Structural Class III,"chloro-p-toluidine, 3-",,High (Class III),93
ClCC(O)=O,"1N,2N,3Y,4N",High (Class III),Structural Class III,chloroacetic acid,,High (Class III),94
[Cl-].[NH3+]C1=CC=C(Cl)C=C1,"1N,2N,3Y,4N",High (Class III),Structural Class III,"chloroaniline hydrochloride, p-",,High (Class III),95
Clc1ccccc1,"1N,2N,3Y,4N",High (Class III),Structural Class III,chlorobenzene,,High (Class III),96
Clc1ccc(cc1)C(O)(C(=O)OCC)c2ccc(Cl)cc2,"1N,2N,3Y,4N",High (Class III),Structural Class III,chlorobenzilate,,High (Class III),97
ClC(Br)Br,"1N,2N,3Y,4N",High (Class III),Structural Class III,chlorodibromomethane,,High (Class III),98
ClC(Cl)Cl,"1N,2N,3Y,4N",High (Class III),Structural Class III,chloroform,,High (Class III),99
,,,Structural Class III,"chlorofructose, 6-",,,100
ClC1=CC=C2C=CC=CC2=C1,"1N,2N,3Y,4N",High (Class III),Structural Class III,"chloronaphthalene, beta-",,High (Class III),101
OC1=C(Cl)C=CC=C1,"1N,2N,3Y,4N",High (Class III),Structural Class III,"chlorophenol, 2-",,High (Class III),102
CC(C)OC(=O)C(O)(C1=CC=C(Cl)C=C1)C2=CC=C(Cl)C=C2,"1N,2N,3Y,4N",High (Class III),Structural Class III,chloropropylate,,High (Class III),103
N#Cc1c(Cl)c(Cl)c(Cl)c(C#N)c1(Cl),"1N,2Y",High (Class III),Structural Class III,chlorothalonil,,High (Class III),104
CC1=C(Cl)C=CC=C1,"1N,2N,3Y,4N",High (Class III),Structural Class III,"chlorotoluene, o-",,High (Class III),105
OC(=O)C=CC(O)=O.CN(C)CCC(c1ccccn1)c2ccc(Cl)cc2,"1N,2N,3Y,4N",High (Class III),Structural Class III,chlorpheniramine maleate,,High (Class III),106
CN(C)CCCN2c3ccccc3(Sc1ccc(Cl)cc12),"1N,2N,3Y,4N",High (Class III),Structural Class III,chlorpromazine,,High (Class III),107
COc2nc(C)nc(NC(=O)NS(=O)(=O)c1ccccc1(Cl))n2,"1N,2N,3Y,4N",High (Class III),Structural Class III,chlorsulfuron,,High (Class III),108
COC(=O)C1=C(Cl)C(Cl)=C(C(Cl)=C1Cl)C(=O)OC,"1N,2N,3Y,4N",High (Class III),Structural Class III,chlorthal dimethyl,,High (Class III),109
[Na+].[Na+].OCC1=C(O)C(\N=N\C2=C3C=CC=CC3=C(C=C2)S([O-])(=O)=O)=C(O)C(=C1)\N=N\C4=CC=C(C5=C4C=CC=C5)S([O-])(=O)=O,"1N,2N,3Y,4Y(7N,16N,17N,19N,23Y,27Y,28Y,29N,33N)",High (Class III),Structural Class III,chocolate brown HT,,High (Class III),110
,,,Structural Class III,C.I. Acid Orange 12,,,111
[Na+].[O-][N+](=O)C1=CC=C(NC2=CC=C(NC3=CC=CC=C3)C(=C2)S([O-])(=O)=O)C(=C1)[N+]([O-])=O,"1N,2Y",High (Class III),Structural Class III,C.I. Acid Orange 3,,High (Class III),112
[Na+].[Na+].[Na+].OC1=CC=C2C=C(C=C(C2=C1\N=N\C3=C4C=CC=CC4=C(C=C3)S([O-])(=O)=O)S([O-])(=O)=O)S([O-])(=O)=O,"1N,2N,3Y,4Y(7N,16N,17N,19N,23Y,27Y,28Y,29N,33Y)",Low (Class I),Structural Class III,C.I. Acid Red 18,sulphonate groups!,Low (Class I),113
NC1=CC=C(N)C2=C1C(=O)C3=C(N)C=CC(N)=C3C2=O,"1N,2N,3N,5N,6N,7N,16N,17N,19N,23Y,27Y,28Y,29N,33N",High (Class III),Structural Class III,C.I. Disperse Blue 1,,High (Class III),114
[Na+].[Na+].OC1=C2C=CC=CC2=C(C=C1\N=N/C3=C4C=CC=CC4=C(C=C3)S([O-])(=O)=O)S([O-])(=O)=O,"1N,2N,3Y,4Y(7N,16N,17N,19N,23Y,27Y,28Y,29N,33Y)",Low (Class I),Structural Class III,C.I. acid red 14,sulphonate groups!,Low (Class I),115
CC(=O)NC1=CC=C(C=C1)\N=N\C2=C(O)C=CC(C)=C2,"1N,2N,3N,5N,6N,7N,16N,17N,19N,23Y,27Y,28Y,29N,33N",High (Class III),Structural Class III,C.I. disperse yellow 3,,High (Class III),116
COC1=CC=C(C=C1\N=N\C2=C(O)C(=CC3=C2C=CC=C3)C(=O)NC4=CC(=CC=C4)[N+]([O-])=O)[N+]([O-])=O,"1N,2Y",High (Class III),Structural Class III,C.I. pigment red 23,,High (Class III),117
OC1=CC=C2C=CC=CC2=C1\N=N\C3=CC=CC=C3,"1N,2N,3N,5N,6N,7N,16N,17N,19N,23Y,27Y,28Y,29N,33N",High (Class III),Structural Class III,C.I. solvent yellow 14,,High (Class III),118
N#CN=C(NC)NCCSCC1NCNC1(C),"1N,2N,3N,5N,6N,7Y,8N,10N,11Y,33N",High (Class III),Structural Class III,cimetidine,,High (Class III),119
ClC1CCCCC1C2NNC(NN2)c3ccccc3(Cl),"1N,2N,3Y,4N",High (Class III),Structural Class III,clofentezine,,High (Class III),120
NCCO.OC1=CC=C(Cl)C=C1C(=O)NC2=C(Cl)C=C(C=C2)[N+]([O-])=O,"1N,2Y",High (Class III),Structural Class III,clonitralid,,High (Class III),121
CC1=CC(C(C#N)C2=CC=C(Cl)C=C2)=C(Cl)C=C1NC(=O)C3=C(O)C(I)=CC(I)=C3,"1N,2Y",High (Class III),Structural Class III,closantel,,High (Class III),122
COc1ccc2CC5N(C)CCC34(C5(C=CC(O)C4(Oc1c23))),"1N,2N,3N,5N,6N,7Y,8N,10N,11N,12N,22N,33N",High (Class III),Structural Class III,codeine,,High (Class III),123
CCOP(=S)(OCC)Oc1ccc2c(c1)OC(=O)C(Cl)=C2(C),"1N,2N,3Y,4N",High (Class III),Structural Class III,coumaphos,,High (Class III),124
O=C1OC2=C(C=CC=C2)C=C1,"1N,2N,3N,5N,6N,7Y,8Y,9Y",High (Class III),Structural Class III,coumarin,,High (Class III),125
Clc1cc(ccc1(OP(=O)(OC)NC))C(C)(C)C,"1N,2N,3Y,4N",High (Class III),Structural Class III,crufomate,,High (Class III),126
COc2cc(C=CC(=O)CC(=O)C=Cc1ccc(O)c(OC)c1)ccc2(O),"1N,2N,3N,5N,6N,7N,16N,17N,19N,23Y,27Y,28Y,29N,33N",High (Class III),Structural Class III,curcumin,,High (Class III),127
[H][C@@]12O[C@H](CO)[C@@]([H])(O[C@@]3([H])O[C@H](CO)[C@@]([H])(O[C@@]4([H])O[C@H](CO)[C@@]([H])(O[C@@]5([H])O[C@H](CO)[C@@]([H])(O[C@@]6([H])O[C@H](CO)[C@@]([H])(O[C@@]7([H])O[C@H](CO)[C@@]([H])(O[C@@]8([H])O[C@H](CO)[C@@]([H])(O1)[C@H](O)[C@H]8O)[C@H](O)[C@H]7O)[C@H](O)[C@H]6O)[C@H](O)[C@H]5O)[C@H](O)[C@H]4O)[C@H](O)[C@H]3O)C(O)[C@H]2O,"1N,2N,3N,5N,6N,7Y,8N,10N,11N,12N,22N,33N",High (Class III),Structural Class III,"cyclodextrin, beta-",,High (Class III),128
NC1CCCCC1,"1N,2N,3N,5N,6N,7N,16N,17N,19N,23N,24N,25N,26N,22N,33N",High (Class III),Structural Class III,cyclohexylamine,,High (Class III),129
ClCCN(CCCl)P1(=O)(NCCCO1),"1N,2N,3Y,4N",High (Class III),Structural Class III,cyclophosphamide,,High (Class III),130
N#CC(OC(=O)C1C(C=C(Cl)C(F)(F)F)C1(C)(C))c3cccc(Oc2ccccc2)c3,"1N,2Y",High (Class III),Structural Class III,cyhalothrin,,High (Class III),131
N#CC(OC(=O)C1C(C=C(Cl)Cl)C1(C)(C))c3cccc(Oc2ccccc2)c3,"1N,2Y",High (Class III),Structural Class III,cypermethrin,,High (Class III),132
NC1=NC(N)=NC(NC2CC2)=N1,"1N,2N,3N,5N,6N,7Y,8N,10N,11Y,33N",High (Class III),Structural Class III,cyromazine,,High (Class III),133
OC(=O)CCC(=O)NN(C)C,"1N,2N,3N,5N,6N,7N,16N,17N,19Y,20Y,21Y",High (Class III),Structural Class III,daminozide,,High (Class III),134
BrC1=C(Br)C(Br)=C(OC2=C(Br)C(Br)=C(Br)C(Br)=C2Br)C(Br)=C1Br,"1N,2N,3Y,4N",High (Class III),Structural Class III,decabromodiphenyl oxide,,High (Class III),135
,,,Structural Class III,deoxyquinine,,,136
[Na+].[Na+].NC1=CC(=C(C=C1)\C=C\C2=CC(=C(N)C=C2)S([O-])(=O)=O)S([O-])(=O)=O,"1N,2N,3Y,4Y(7N,16N,17N,19N,23Y,27Y,28Y,29N,33Y)",Low (Class I),Structural Class III,"diamino-2,2'-stilbenedisulfonic acid, 4,4'-, disodium sa",sulphonate groups!,Low (Class I),137
Cl.Cl.NC1=CC(N)=C(O)C=C1,"1N,2N,3Y,4N",High (Class III),Structural Class III,"diaminophenol dihydrochloride, 2,4-",,High (Class III),138
CCOP(=S)(OCC)OC1C=C(C)NC(N1)C(C)C,"1N,2N,3Y,4N",High (Class III),Structural Class III,diazinon,,High (Class III),139
c1ccc2Oc3ccccc3(Oc2(c1)),"1N,2N,3N,5N,6N,7Y,8N,10N,11N,12N,22N,33N",High (Class III),Structural Class III,dibenzo-p-dioxin,,High (Class III),140
BrC1=CC=C(Br)C=C1,"1N,2N,3Y,4N",High (Class III),Structural Class III,"dibromobenzene, 1,4-",,High (Class III),141
COc1c(Cl)ccc(Cl)c1(C(=O)O),"1N,2N,3Y,4N",High (Class III),Structural Class III,dicamba,,High (Class III),142
BrC1=CC=C(Br)C=C1,"1N,2N,3Y,4N",High (Class III),Structural Class III,"dichloro-2-propanol, 1,3-",,High (Class III),143
NC1=CC(Cl)=C(N)C(Cl)=C1,"1N,2N,3Y,4N",High (Class III),Structural Class III,"dichloro-p-phenylenediamine, 2,6-",,High (Class III),144
ClC1=C(Cl)C=CC=C1,"1N,2N,3Y,4N",High (Class III),Structural Class III,"dichlorobenzene, 1,2-",,High (Class III),145
ClC1=CC=C(Cl)C=C1,"1N,2N,3Y,4N",High (Class III),Structural Class III,"dichlorobenzene, 1,4-",,High (Class III),146
OC(=O)C(O)(C1=CC=C(Cl)C=C1)C2=CC=C(Cl)C=C2,"1N,2N,3Y,4N",High (Class III),Structural Class III,dichlorobenzilic acid,,High (Class III),147
FC(F)(Cl)Cl,"1N,2N,3Y,4N",High (Class III),Structural Class III,dichlorodifluoromethane,,High (Class III),148
CC(Cl)Cl,"1N,2N,3Y,4N",High (Class III),Structural Class III,"dichloroethane, 1,1-",,High (Class III),149
ClCCCl,"1N,2N,3Y,4N",High (Class III),Structural Class III,"dichloroethane, 1,2-",,High (Class III),150
ClC(Cl)=C,"1N,2N,3Y,4N",High (Class III),Structural Class III,"dichloroethylene, 1,1-",,High (Class III),151
Cl\C=C\Cl,"1N,2N,3Y,4N",High (Class III),Structural Class III,"dichloroethylene, trans- 1,2-",,High (Class III),152
ClCCl,"1N,2N,3Y,4N",High (Class III),Structural Class III,dichloromethane,,High (Class III),153
OC1=C(Cl)C=C(Cl)C=C1,"1N,2N,3Y,4N",High (Class III),Structural Class III,"dichlorophenol, 2,4-",,High (Class III),154
OC(=O)COC1=C(Cl)C=C(Cl)C=C1,"1N,2N,3Y,4N",High (Class III),Structural Class III,"dichlorophenoxyacetic acid, 2,4-",,High (Class III),155
OCC(Cl)CCl,"1N,2N,3Y,4N",High (Class III),Structural Class III,"dichloropropanol, 2,3-",,High (Class III),156
ClC\C=C\Cl,"1N,2N,3Y,4N",High (Class III),Structural Class III,"dichloropropene, 1,3-",,High (Class III),157
COP(=O)(OC)O\C=C(\Cl)Cl,"1N,2N,3Y,4N",High (Class III),Structural Class III,dichlorvos,,High (Class III),158
Clc1ccc(cc1)C(O)(c2ccc(Cl)cc2)C(Cl)(Cl)Cl,"1N,2N,3Y,4N",High (Class III),Structural Class III,dicofol,,High (Class III),159
ClC4=C(Cl)C5(Cl)(C3C2CC(C1OC12)C3C4(Cl)C5(Cl)(Cl)),"1N,2N,3Y,4N",High (Class III),Structural Class III,dieldrin,,High (Class III),160
CCN(CC)C(S)=S,"1N,2N,3N,5N,6N,7N,16N,17N,19Y,20N,22N,33N",High (Class III),Structural Class III,diethyldithiocarbamate,,High (Class III),161
CCNC(=S)NCC,"1N,2N,3N,5N,6N,7N,16N,17N,19Y,20N,22N,33N",High (Class III),Structural Class III,"diethylthiourea, N,N'-",,High (Class III),162
CN1C(=CC(C2=CC=CC=C2)=[N+]1C)C3=CC=CC=C3,"1N,2N,3N,5N,6N,7Y,8N,10N,11N,12Y,13Y,14Y,15N,33N",High (Class III),Structural Class III,difenzoquat,,High (Class III),163
FC1=CC=CC(F)=C1C(=O)NC(=O)NC2=CC=C(Cl)C=C2,"1N,2N,3Y,4N",High (Class III),Structural Class III,diflubenzuron,,High (Class III),164
[H][C@@]12C\C=C(C)\C(O[C@@]3([H])C[C@H](OC)C(O[C@@]4([H])C[C@H](OC)[C@@H](O)[C@H](C)O4)[C@H](C)O3)[C@@H](C)\C=C\C=C5/CO[C@]6([H])[C@H](O)C(C)=C[C@@]([H])(C(=O)O[C@@]([H])(C1)C[C@]7(CC[C@H](C)[C@]([H])(O7)[C@@H](C)CC)O2)[C@]56O,"1N,2N,3N,5N,6N,7Y,8N,10N,11N,12N,22N,33N",High (Class III),Structural Class III,"dihydroavermectin-B1 a, 22,23-",,High (Class III),165
,,,Structural Class III,"dihydroavermectin-B1 b, 22,23-",,,166
O=C1CCC2=C(O1)C=CC=C2,"1N,2N,3N,5N,6N,7Y,8Y,9Y",High (Class III),Structural Class III,"dihydrocoumarin, 3,4-",,High (Class III),167
CC1=CC=C(C=C1)S(=O)(=O)C(I)I,"1N,2N,3Y,4N",High (Class III),Structural Class III,diiodomethyl p-tolyl sulfone,,High (Class III),168
CC1=C(C)S(=O)(=O)CCS1(=O)=O,"1N,2N,3Y,4N",High (Class III),Structural Class III,dimethipin,,High (Class III),169
CNC(=O)CSP(=S)(OC)OC,"1N,2N,3Y,4N",High (Class III),Structural Class III,dimethoate,,High (Class III),170
[Cl-].COC1=CC(OC)=C([NH3+])C=C1,"1N,2N,3Y,4Y(7N,16N,17N,19N,23Y,27Y,28N,30Y,31N,32N,22N,33N)",High (Class III),Structural Class III,"dimethoxyaniline hydrochloride, 2,4-",,High (Class III),171
COC1=C(C=CC(=C1)C2=CC(OC)=C(C=C2)N=C=O)N=C=O,"1N,2N,3N,5N,6N,7N,16N,17N,19N,23Y,27Y,28Y,29N,33N",High (Class III),Structural Class III,"dimethoxybenzidine-4,4'-diisocyanate, 3,3'-",,High (Class III),172
CO[PH](=O)OC,"1N,2N,3Y,4N",High (Class III),Structural Class III,dimethyl hydrogen phosphite,,High (Class III),173
COP(C)(=O)OC,"1N,2N,3Y,4N",High (Class III),Structural Class III,dimethyl methylphosphonate,,High (Class III),174
COP(=O)(OC)N1CCOCC1,"1N,2N,3Y,4N",High (Class III),Structural Class III,dimethyl morpholinophosphoramidate,,High (Class III),175
CN(C)C1=CC=CC=C1,"1N,2N,3N,5N,6N,7N,16N,17N,19N,23Y,27Y,28N,30Y,31N,32N,22N,33N",High (Class III),Structural Class III,"dimethylaniline, N,N'-",,High (Class III),176
[O-][N+](=O)C1=CC=CC(=C1)[N+]([O-])=O,"1N,2Y",High (Class III),Structural Class III,"dinitrobenzene, m-",,High (Class III),177
CC1=C(C=C(C=C1)[N+]([O-])=O)[N+]([O-])=O,"1N,2Y",High (Class III),Structural Class III,"dinitrotoluene, 2,4-",,High (Class III),178
[#8-][N+]([#117])=O.[#6]CCCCCC([#6])[#117].[#6]\C=C\C(=O)OC1=C(C=CC=C1)[N+]([#8-])=O,,,Structural Class III,dinocap,,,179
CCC(C)C1=CC(=CC(=C1O)[N+]([O-])=O)[N+]([O-])=O,"1N,2Y",High (Class III),Structural Class III,dinoseb,,High (Class III),180
CN(C)C(=O)C(C1=CC=CC=C1)C2=CC=CC=C2,"1N,2N,3N,5N,6N,7N,16N,17N,19N,23Y,27Y,28Y,29N,33N",High (Class III),Structural Class III,diphenamid,,High (Class III),181
Cl.CN(C)CCOC(c1ccccc1)c2ccccc2,"1N,2N,3Y,4N",High (Class III),Structural Class III,diphenhydramine hydrochloride,,High (Class III),182
c1ccc(cc1)Nc2ccccc2,"1N,2N,3N,5N,6N,7N,16N,17N,19N,23Y,27Y,28Y,29N,33N",High (Class III),Structural Class III,diphenylamine,,High (Class III),183
,,,Structural Class III,"diphenylhydantoin, 5,5'-",,,184
O=C1NC(=O)C(N1)(C2=CC=CC=C2)C3=CC=CC=C3,"1N,2N,3N,5N,6N,7Y,8N,10N,11N,12N,22N,33N",High (Class III),Structural Class III,"diphenylhydantoin, 5,5-",,High (Class III),185
C1C[N+]2=C(C=CC=C2)C3=[N+]1C=CC=C3,"1N,2N,3N,5N,6N,7Y,8N,10N,11N,12Y,13N",High (Class III),Structural Class III,diquat,,High (Class III),186
CCSCCSP(=S)(OCC)OCC,"1N,2N,3Y,4N",High (Class III),Structural Class III,disulfoton,,High (Class III),187
NC(=S)NNC(N)=S,"1N,2N,3N,5N,6N,7N,16N,17N,19Y,20N,22N,33N",High (Class III),Structural Class III,"dithiobiurea, 2,5-",,High (Class III),188
Clc1ccc(cc1(Cl))NC(=O)N(C)C,"1N,2N,3Y,4N",High (Class III),Structural Class III,diuron,,High (Class III),189
CC(O)=O.CCCCCCCCCCCCNC(N)=N,"1N,2N,3N,5N,6N,7N,16N,17N,19Y,20N,22N,33N",High (Class III),Structural Class III,"dodecylguanidine acetate, n-",,High (Class III),190
[Na+].[Na+].OC(=O)CN(CCN(CC(O)=O)CC([O-])=O)CC([O-])=O,"1N,2N,3Y,4Y(7N,16N,17N,19Y,20N,22N,33N)",High (Class III),Structural Class III,"EDTA, disodium",,High (Class III),191
OC(=O)C2C1CCC(O1)C2(C(O)=O),"1N,2N,3N,5N,6N,7Y,8N,10N,11N,12N,22N,33N",High (Class III),Structural Class III,endothall,,High (Class III),192
OS(O)(=O)=O.CN[C@@H](C)[C@H](O)C1=CC=CC=C1.CN[C@@H](C)[C@H](O)C2=CC=CC=C2,"1N,2N,3Y,4N",High (Class III),Structural Class III,ephedrine sulfate,,High (Class III),193
ClCC1CO1,"1N,2N,3Y,4N",High (Class III),Structural Class III,epichlorohydrin,,High (Class III),194
CCCCCCCCCCCCCCCCCC(O)=O.[H][C@@]1(C[C@@](C)(OC)[C@@H](O)[C@H](C)O1)O[C@@H]2[C@@H](C)C(=O)O[C@H](CC)[C@@](C)(O)[C@H](O)[C@@H](C)C(=O)[C@H](C)C[C@@](C)(O)[C@H](O[C@]3([H])O[C@H](C)C[C@H](N(C)C)[C@H]3O)[C@H]2C,"1N,2N,3N,5N,6N,7Y,8N,10N,11Y,33N",High (Class III),Structural Class III,erythromycin stearate,,High (Class III),195
[Na+].[Na+].[O-]C(=O)C1=CC=CC=C1C2=C3C=C(I)C(=O)C(I)=C3OC4=C(I)C([O-])=C(I)C=C24,"1N,2N,3Y,4N",High (Class III),Structural Class III,erythrosine,,High (Class III),196
,,,Structural Class III,ethalfuralin,,,197
ClCCP(=O)(O)O,"1N,2N,3Y,4N",High (Class III),Structural Class III,ethephon,,High (Class III),198
CCOP(=S)(OCC)SCSP(=S)(OCC)OCC,"1N,2N,3Y,4N",High (Class III),Structural Class III,ethion,,High (Class III),199
CCCN(CCC)C(=O)SCC,"1N,2N,3N,5N,6N,7N,16N,17N,19Y,20N,22N,33N",High (Class III),Structural Class III,"ethyl dipropylthiocarbamate, s-",,High (Class III),200
CCOP(=S)(OC1=CC=C(C=C1)[N+]([O-])=O)C2=CC=CC=C2,"1N,2Y",High (Class III),Structural Class III,ethyl p-nitrophenyl phenylphosphorothioate,,High (Class III),201
OCCCl,"1N,2N,3Y,4N",High (Class III),Structural Class III,ethylene chlorohydrin,,High (Class III),202
S=C1NCCN1,"1N,2N,3N,5N,6N,7Y,8N,10N,11Y,33N",High (Class III),Structural Class III,ethylene thiourea,,High (Class III),203
CCOC(=O)C1OC1(C)C2=CC=CC=C2,"1N,2N,3N,5N,6N,7Y,8N,10Y",High (Class III),Structural Class III,ethylmethylphenylglycidate,,High (Class III),204
[Na+].[Na+].CCN(CC1=CC(=CC=C1)S([O-])(=O)=O)C2=CC=C(C=C2)C(=C3/C=CC(\C=C3)=[N+](/CC)CC4=CC=CC(=C4)S([O-])(=O)=O)\C5=C(C=C(O)C=C5)S([O-])(=O)=O,"1N,2N,3Y,4Y(7N,16N,17N,19N,23Y,27Y,28Y,29N,33Y)",Low (Class I),Structural Class III,fast green FCF,sulphonate groups!,Low (Class I),205
COCC(=O)NC1=CC(SC2=CC=CC=C2)=CC=C1\N=C(\NC(=O)OC)NC(=O)OC,"1N,2N,3N,5N,6N,7N,16N,17N,19N,23Y,27Y,28Y,29N,33N",High (Class III),Structural Class III,febantel,,High (Class III),206
CCOP(=O)(NC(C)C)Oc1ccc(SC)c(C)c1,"1N,2N,3Y,4N",High (Class III),Structural Class III,fenamiphos,,High (Class III),207
COC(=O)NC2Nc3ccc(Sc1ccccc1)cc3(N2),"1N,2N,3N,5N,6N,7Y,8N,10N,11Y,33N",High (Class III),Structural Class III,fenbendazole,,High (Class III),208
COP(=S)(OC)OC1=CC(Cl)=C(Cl)C=C1Cl,"1N,2N,3Y,4N",High (Class III),Structural Class III,fenchlorphos,,High (Class III),209
CN(C)C(=O)NC1=CC=CC(=C1)C(F)(F)F,"1N,2N,3Y,4N",High (Class III),Structural Class III,fluometuron,,High (Class III),210
c1ccc2c(c1)c4cccc3cccc2c34,"1N,2N,3N,5N,6N,7N,16N,17N,19N,23Y,27N",High (Class III),Structural Class III,fluoranthene,,High (Class III),211
c1ccc3c(c1)Cc2ccccc23,"1N,2N,3N,5N,6N,7N,16N,17N,19N,23Y,27N",High (Class III),Structural Class III,fluorene,,High (Class III),212
CN2C=C(c1ccccc1)C(=O)C(=C2)c3cccc(c3)C(F)(F)F,"1N,2N,3Y,4N",High (Class III),Structural Class III,fluridone,,High (Class III),213
CC(C)C(O)(C=1CNCNC=1)C2CCC(CC2)OC(F)(F)F,"1N,2N,3Y,4N",High (Class III),Structural Class III,flurprimidol,,High (Class III),214
CC(C)Oc1cccc(c1)NC(=O)c2ccccc2C(F)(F)F,"1N,2N,3Y,4N",High (Class III),Structural Class III,flutolanil,,High (Class III),215
N#CC(OC(=O)C(Nc1ccc(cc1(Cl))C(F)(F)F)C(C)C)c3cccc(Oc2ccccc2)c3,"1N,2Y",High (Class III),Structural Class III,fluvalinate,,High (Class III),216
ClC(Cl)(Cl)SN1C(=O)C2=C(C=CC=C2)C1=O,"1N,2N,3Y,4N",High (Class III),Structural Class III,folpet,,High (Class III),217
CCOP(=S)(CC)SC1=CC=CC=C1,"1N,2N,3Y,4N",High (Class III),Structural Class III,fonofos,,High (Class III),218
[Al+3].CCO[PH]([O-])=O.CCO[PH]([O-])=O.CCO[PH]([O-])=O,"1N,2N,3Y,4N",High (Class III),Structural Class III,fosetyl-al,,High (Class III),219
[NH4+].CP(O)(=O)CCC(N)C([O-])=O,"1N,2Y",High (Class III),Structural Class III,glufosinate-ammonium,,High (Class III),220
OC(=O)CNCP(O)(O)=O,"1N,2Y",High (Class III),Structural Class III,glyphosate,,High (Class III),221
COC(=O)C(C)OC1=CC=C(OC2=C(Cl)C=C(C=N2)C(F)(F)F)C=C1,"1N,2N,3Y,4N",High (Class III),Structural Class III,haloxyfop-methyl,,High (Class III),222
CNC1=CC=C(C=C1[N+]([O-])=O)N(CCO)CCO,"1N,2Y",High (Class III),Structural Class III,HC blue no. 1,,High (Class III),223
OCCNC1=CC=C(C=C1[N+]([O-])=O)N(CCO)CCO,"1N,2Y",High (Class III),Structural Class III,HC blue no. 2,,High (Class III),224
OCCNC1=C(OCCO)C=C(C=C1)[N+]([O-])=O,"1N,2Y",High (Class III),Structural Class III,HC yellow 4,,High (Class III),225
ClC2=C(Cl)C3(Cl)(C1C(Cl)C=CC1C2(Cl)C3(Cl)(Cl)),"1N,2N,3Y,4N",High (Class III),Structural Class III,heptachlor,,High (Class III),226
ClC1=C(Cl)C2(Cl)C(Cl)(Cl)C1(Cl)C3C(Cl)C4OC4C23,"1N,2N,3Y,4N",High (Class III),Structural Class III,heplachlor epoxide,,High (Class III),227
BrC1=C(Br)C(Br)=C(Br)C(Br)=C1Br,"1N,2N,3Y,4N",High (Class III),Structural Class III,hexabromobenzene,,High (Class III),228
Clc1c(Cl)c(Cl)c(Cl)c(Cl)c1(Cl),"1N,2N,3Y,4N",High (Class III),Structural Class III,hexachlorobenzene,,High (Class III),229
Cl\C(Cl)=C(Cl)\C(Cl)=C(\Cl)Cl,"1N,2N,3Y,4N",High (Class III),Structural Class III,hexachlorobutadiene,,High (Class III),230
Cl[C@H]1[C@H](Cl)[C@@H](Cl)[C@@H](Cl)[C@H](Cl)[C@H]1Cl,"1N,2N,3Y,4N",High (Class III),Structural Class III,"hexachlorocyclohexane, gamma-",,High (Class III),231
ClC1=C(Cl)C(Cl)(Cl)C(Cl)=C1Cl,"1N,2N,3Y,4N",High (Class III),Structural Class III,hexachlorocyclopentadiene,,High (Class III),232
ClC(Cl)(Cl)C(Cl)(Cl)Cl,"1N,2N,3Y,4N",High (Class III),Structural Class III,hexachloroethane,,High (Class III),233
Clc2cc(Cl)c(Cl)c(Cc1c(O)c(Cl)cc(Cl)c1(Cl))c2(O),"1N,2N,3Y,4N",High (Class III),Structural Class III,hexachlorophene,,High (Class III),234
[O-][N+](=O)N1CN(CN(C1)[N+]([O-])=O)[N+]([O-])=O,"1N,2Y",High (Class III),Structural Class III,"hexahydro-1,3,5-trinitro-1,3,5-triazine",,High (Class III),235
C1N2CN3CN1CN(C2)C3,"1N,2N,3N,5N,6N,7Y,8N,10N,11N,12N,22N,33N",High (Class III),Structural Class III,hexamethylenetetramine,,High (Class III),236
CN(C)C2=NC(=O)N(C1CCCCC1)C(=O)N2(C),"1N,2N,3N,5N,6N,7Y,8N,10N,11Y,33N",High (Class III),Structural Class III,hexazinone,,High (Class III),237
C[C@@H]1N(C(=O)NC2CCCCC2)C(=O)SC1C3=CC=C(Cl)C=C3,"1N,2N,3Y,4N",High (Class III),Structural Class III,hexythiazox,,High (Class III),238
NNc1nncc2ccccc12,"1N,2N,3N,5N,6N,7Y,8N,10N,11Y,33N",High (Class III),Structural Class III,hydralazine,,High (Class III),239
N(NC1=CC=CC=C1)C2=CC=CC=C2,"1N,2N,3N,5N,6N,7N,16N,17N,19N,23Y,27Y,28Y,29N,33N",High (Class III),Structural Class III,hydrazobenzene,,High (Class III),240
Clc1cc2NCNS(=O)(=O)c2(cc1S(N)(=O)=O),"1N,2N,3Y,4N",High (Class III),Structural Class III,hydrochlorothiazide,,High (Class III),241
CC(O)COS(C)(=O)=S,"1N,2N,3Y,4N",High (Class III),Structural Class III,"hydroxypropyl methanethiolsulfonate, 2-",,High (Class III),242
OC1=CC=CC2=CC=CN=C12,"1N,2N,3N,5N,6N,7Y,8N,10N,11N,12Y,13Y,14Y,15N,33N",High (Class III),Structural Class III,"hydroxyquinoline, 8-",,High (Class III),243
ClC1=CC(Cl)=C(C=C1)C(CN2C=CN=C2)OCC=C,"1N,2N,3Y,4N",High (Class III),Structural Class III,imazalil,,High (Class III),244
OC(=O)c2cc3ccccc3(nc2(C=1NC(=O)C(C)(N=1)C(C)C)),"1N,2N,3N,5N,6N,7Y,8N,10N,11N,12Y,13Y,14Y,15N,33N",High (Class III),Structural Class III,imazaquin,,High (Class III),245
CCC1=CN=C(C2=NC(C)(C(C)C)C(=O)N2)C(=C1)C(O)=O,"1N,2N,3N,5N,6N,7Y,8N,10N,11N,12Y,13Y,14N,22N,33N",High (Class III),Structural Class III,imazethapyr,,High (Class III),246
CC(I)C1OCC(CO)O1,"1N,2N,3Y,4N",High (Class III),Structural Class III,iodinated glycerol,,High (Class III),247
CCN(CC)CCCNC(=O)CN1N=CC(C2=CC=CC=C2)=C1C3=CC=CC=C3,"1N,2N,3N,5N,6N,7Y,8N,10N,11Y,33N",High (Class III),Structural Class III,ipazilide,,High (Class III),248
CC(C)NC(=O)N2CC(=O)N(c1cc(Cl)cc(Cl)c1)C2(=O),"1N,2N,3Y,4N",High (Class III),Structural Class III,iprodione,,High (Class III),249
CC(C)C1=NC=C(N1C)[N+]([O-])=O,"1N,2Y",High (Class III),Structural Class III,ipronidazole,,High (Class III),250
CCCN(CCC)C1=C(C=C(C=C1[N+]([O-])=O)C(C)C)[N+]([O-])=O,"1N,2Y",High (Class III),Structural Class III,isopropalin,,High (Class III),251
COc2cccc(OC)c2(C(=O)NC1ONC(C1)C(C)(CC)CC),"1N,2N,3N,5N,6N,7Y,8N,10N,11Y,33N",High (Class III),Structural Class III,isoxaben,,High (Class III),252
CC1CNC6C(C1)OC3(CCC4C5CC=C2CC(O)CCC2(C)C5(C(=O)C4(=C3(C))))(C6(C)),"1N,2N,3N,5N,6N,7Y,8N,10N,11N,12N,22N,33N",High (Class III),Structural Class III,jervine,,High (Class III),253
CCOC(=O)C(C)OC(=O)c1cc(ccc1(N(=O)=O))Oc2ccc(cc2(Cl))C(F)(F)F,"1N,2Y",High (Class III),Structural Class III,lactofen,,High (Class III),254
O=S(Cc1nccc(OCC(F)(F)F)c1(C))C2Nc3ccccc3(N2),"1N,2N,3Y,4N",High (Class III),Structural Class III,lansoprazole,,High (Class III),255
c1ccc(cc1)C2CN3CCSC3(=N2),"1N,2N,3N,5N,6N,7Y,8N,10N,11N,12N,22N,33N",High (Class III),Structural Class III,levamisole,,High (Class III),256
OCC1OC(OC(C)(C)C#N)C(O)C(O)C1(O),"1N,2Y",High (Class III),Structural Class III,linamarin,,High (Class III),257
CON(C)C(=O)Nc1ccc(Cl)c(Cl)c1,"1N,2N,3Y,4N",High (Class III),Structural Class III,linuron,,High (Class III),258
COC1C=C(OC)NC(N1)NS(=O)(=O)CC2CCCCC2(C(=O)OC),"1N,2N,3Y,4N",High (Class III),Structural Class III,londax,,High (Class III),259
CCOC(=O)CC(SP(=O)(OC)OC)C(=O)OCC,"1N,2N,3Y,4N",High (Class III),Structural Class III,malaoxon,,High (Class III),260
CCOC(=O)CC(SP(=S)(OC)OC)C(=O)OCC,"1N,2N,3Y,4N",High (Class III),Structural Class III,malathion,,High (Class III),261
O=C1OC(=O)C=C1,"1N,2N,3N,5N,6N,7Y,8N,10N,11Y,33N",High (Class III),Structural Class III,maleic anhydride,,High (Class III),262
O=C1NNC(=O)C=C1,"1N,2N,3N,5N,6N,7Y,8N,10N,11N,12N,22N,33N",High (Class III),Structural Class III,maleic hydrazine,,High (Class III),263
Cl[H].Cl[H].COC(=O)C1=C(C)NC(C)=C(C1C2=CC=CC(=C2)[N+]([O-])=O)C(=O)OCCN3CCN(CC3)C(C4=CC=CC=C4)C5=CC=CC=C5,"1N,2Y",High (Class III),Structural Class III,manidipine hydrochloride,,High (Class III),264
Nc1nc(N)nc(N)n1,"1N,2N,3N,5N,6N,7Y,8N,10N,11Y,33N",High (Class III),Structural Class III,melamine,,High (Class III),265
[Cl-].C[N+]1(C)CCCCC1,"1N,2Y",High (Class III),Structural Class III,mepiquat chloride,,High (Class III),266
SC1=NC2=C(S1)C=CC=C2,"1N,2N,3N,5N,6N,7Y,8N,10N,11N,12Y,13Y,14Y,15N,33N",High (Class III),Structural Class III,"mercaptobenzothiazole, 2-",,High (Class III),267
CCCCSP(SCCCC)SCCCC,"1N,2N,3Y,4N",High (Class III),Structural Class III,merphos,,High (Class III),268
,,,Structural Class III,merphos oxide,,,269
OC(=O)C(S)C(S)C(O)=O,"1N,2N,3N,5N,6N,7N,16N,17N,19Y,20N,22N,33N",High (Class III),Structural Class III,"meso-2,3-dimercaptosuccinic acid",,High (Class III),270
COCC(=O)N(C(C)C(=O)OC)c1c(C)cccc1(C),"1N,2N,3N,5N,6N,7N,16N,17N,19N,23Y,27Y,28N,30Y(31N,32N,22N,33N)(31N,32Y)",High (Class III),Structural Class III,metalaxyl,,High (Class III),271
COP(N)(=O)SC,"1N,2N,3Y,4N",High (Class III),Structural Class III,methamidophos,,High (Class III),272
COC=1SC(=O)N(CSP(=S)(OC)OC)N=1,"1N,2N,3Y,4N",High (Class III),Structural Class III,methidathion,,High (Class III),273
CNC(=O)ON=C(C)SC,"1N,2N,3N,5N,6N,7N,16N,17N,19Y,20N,22N,33N",High (Class III),Structural Class III,methomyl,,High (Class III),274
COc1ccc(cc1)C(c2ccc(OC)cc2)C(Cl)(Cl)Cl,"1N,2N,3Y,4N",High (Class III),Structural Class III,methoxychlor,,High (Class III),275
COC1=C2OC(=O)C=CC2=CC3=C1OC=C3,"1N,2N,3N,5N,6N,7Y,8Y,9Y",High (Class III),Structural Class III,"methoxypsoralen, 8-",,High (Class III),276
COC(N)=O,"1N,2N,3N,5N,6N,7N,16N,17N,19Y,20Y,21N,18N",Low (Class I),Structural Class III,methyl carbamate,OK,Low (Class I),277
CC\C(C)=N/O,"1N,2N,3N,5N,6N,7N,16N,17N,19Y,20N,22N,33N",High (Class III),Structural Class III,methyl ethyl ketoxime,,High (Class III),278
COP(=S)(OC)OC1=CC=C(C=C1)[N+]([O-])=O,"1N,2Y",High (Class III),Structural Class III,methyl parathion,,High (Class III),279
COC(=O)COC1=CC=C(Cl)C=C1,"1N,2N,3Y,4N",High (Class III),Structural Class III,"methyl-4-chlorophenoxyacetic acid, 2-",,High (Class III),280
CNC1=C(C=CC=C1)C(=O)OC,"1N,2N,3N,5N,6N,7N,16N,17N,19N,23Y,27Y,28N,30Y(31N,32N,22N,33N)(31N,32Y)",High (Class III),Structural Class III,methyl-N-methylanthranilate,,High (Class III),281
O.O.O.C[C@](N)(CC1=CC(O)=C(O)C=C1)C(O)=O.C[C@](N)(CC2=CC(O)=C(O)C=C2)C(O)=O,"1N,2N,3N,5N,6N,7N,16N,17N,19N,23Y,27Y,28Y,29N,33N",High (Class III),Structural Class III,"methyldopa sesquthydrate, alpha-",,High (Class III),282
OCNC(=O)C=C,"1N,2N,3N,5N,6N,7N,16N,17N,19Y,20N,22N,33N",High (Class III),Structural Class III,"methylolacrylamide, N-",,High (Class III),283
COCC(C)N(C(=O)CCl)c1c(C)cccc1(CC),"1N,2N,3Y,4N",High (Class III),Structural Class III,metolachlor,,High (Class III),284
CSC1=NN=C(C(=O)N1(N))C(C)(C)C,"1N,2N,3N,5N,6N,7Y,8N,10N,11Y,33N",High (Class III),Structural Class III,metribuzin,,High (Class III),285
COc2nc(C)nc(NC(=O)NS(=O)(=O)c1ccccc1(C(=O)OC))n2,"1N,2N,3Y,4N",High (Class III),Structural Class III,metsulfuron methyl,,High (Class III),286
CNC(=O)Oc1cc(C)c(N(C)C)c(C)c1,"1N,2N,3N,5N,6N,7N,16N,17N,19N,23Y,27Y,28N,30Y(31N,32N,22N,33N)(31N,32N,22N,33N)",High (Class III),Structural Class III,mexacarbate,,High (Class III),287
CC[C@H]1OC(=O)\C=C\[C@H](C)[C@@H](O[C@@H]2O[C@H](C)C[C@H](N(C)C)[C@H]2O)[C@@H](C)C[C@@H](C)C(=O)\C=C\[C@H]3O[C@H]3[C@]1(O)CO[C@@H]4O[C@H](C)[C@@H](O)[C@@H](OC)[C@H]4OC,"1N,2N,3N,5N,6N,7Y,8N,10Y",High (Class III),Structural Class III,miporamicin,,High (Class III),288
ClC1(Cl)(C3(Cl)(C5(Cl)(C4(Cl)(C(Cl)(Cl)C2(Cl)(C5(Cl)(C1(Cl)C2(Cl)C34(Cl))))))),"1N,2N,3Y,4N",High (Class III),Structural Class III,mirex,,High (Class III),289
CCSC(=O)N1CCCCCC1,"1N,2N,3N,5N,6N,7Y,8N,10N,11Y,33N",High (Class III),Structural Class III,molinate,,High (Class III),290
,,,Structural Class III,monodiethanolamine salt of riboflavin-5'-phosphate,,,291
CN(C)C(=O)NC1=CC=C(Cl)C=C1,"1N,2N,3Y,4N",High (Class III),Structural Class III,monuron,,High (Class III),292
CCCCC(C#N)(CN1NCNC1)c2ccc(Cl)cc2,"1N,2Y",High (Class III),Structural Class III,myclobutanil,,High (Class III),293
COP(=O)(OC)OC(Br)C(Cl)(Cl)Br,"1N,2N,3Y,4N",High (Class III),Structural Class III,naled,,High (Class III),294
CCN1C=C(C(O)=O)C(=O)c2ccc(C)nc12,"1N,2N,3N,5N,6N,7Y,8N,10N,11N,12Y,13Y,14N,22N,33N",High (Class III),Structural Class III,nalidixic acid,,High (Class III),295
OC(=O)COC1=CC2=C(C=CC=C2)C=C1,"1N,2N,3N,5N,6N,7N,16N,17N,19N,23Y,27Y,28Y,29N,33N",High (Class III),Structural Class III,"naphthoxy acetic acid, 2-",,High (Class III),296
CCN(CC)C(=O)C(C)Oc2cccc1ccccc12,"1N,2N,3N,5N,6N,7N,16N,17N,19N,23Y,27Y,28Y,29N,33N",High (Class III),Structural Class III,napropamide,,High (Class III),297
CC2CC=CC=CC=CC=CC(OC1OC(C)C(O)C(N)C1(O))CC4OC(O)(CC(O)CC3OC3(C=CC(=O)O2))CC(O)C4(C(O)=O),"1N,2N,3N,5N,6N,7Y,8N,10Y",High (Class III),Structural Class III,natamycin,,High (Class III),298
CC1=C(N)C=C(C=C1)[N+]([O-])=O,"1N,2Y",High (Class III),Structural Class III,"nitro-o-toluidine, 5-",,High (Class III),299
NC1=CC(=C(N)C=C1)[N+]([O-])=O,"1N,2Y",High (Class III),Structural Class III,"nitro-p-phenylenediamine, 2-",,High (Class III),300
NC1=CC=C(C=C1)[N+]([O-])=O,"1N,2Y",High (Class III),Structural Class III,"nitroaniline, p-",,High (Class III),301
NC1=C(C=CC(=C1)[N+]([O-])=O)C(O)=O,"1N,2Y",High (Class III),Structural Class III,"nitroanthranilic acid, 4-",,High (Class III),302
O=C2NC(=O)N(N=CC1CCC(O1)[N+](=O)[O-])C2,"1N,2Y",High (Class III),Structural Class III,nitrofurantoin,,High (Class III),303
NC(=O)NN=CC1CCC(O1)[N+](=O)[O-],"1N,2Y",High (Class III),Structural Class III,nitrofurazone,,High (Class III),304
NC(=N)N[N+]([O-])=O,"1N,2Y",High (Class III),Structural Class III,nitroguanidine,,High (Class III),305
[O-][N+](=O)C1=C2C=CC=CC2=CC=C1,"1N,2Y",High (Class III),Structural Class III,"nitronaphthalene, 1-",,High (Class III),306
O=NN(C1=CC=CC=C1)C2=CC=CC=C2,"1N,2Y",High (Class III),Structural Class III,"nitrosodiphenylamine, N-",,High (Class III),307
CNC=2C=NN(c1cccc(c1)C(F)(F)F)C(=O)C=2(Cl),"1N,2N,3Y,4N",High (Class III),Structural Class III,norflurazon,,High (Class III),308
CC1OC(=O)c2c(O)c(cc(Cl)c2(C1))C(=O)NC(Cc3ccccc3)C(O)=O,"1N,2N,3Y,4N",High (Class III),Structural Class III,ochratoxin A,,High (Class III),309
BrC1=C(Br)C=C(OC2=C(Br)C(Br)=C(Br)C(Br)=C2Br)C(Br)=C1,"1N,2N,3Y,4N",High (Class III),Structural Class III,octabromodiphenyl ether,,High (Class III),310
[O-][N+](=O)N1CN(CN(CN(C1)[N+]([O-])=O)[N+]([O-])=O)[N+]([O-])=O,"1N,2Y",High (Class III),Structural Class III,"octahydro-1,3,5,7-tetranitro-1,3,5,7-tetrazocine",,High (Class III),311
CC1=[N+]([O-])C2=CC=CC=C2[N+]([O-])=C1C(=O)NCCO,"1N,2N,3N,5N,6N,7Y,8N,10N,11Y,33N",High (Class III),Structural Class III,olaquindox,,High (Class III),312
CCCN(CCC)c1c(cc(cc1(N(=O)=O))S(N)(=O)=O)N(=O)=O,"1N,2Y",High (Class III),Structural Class III,oryzalin,,High (Class III),313
CC(C)Oc1cc(c(Cl)cc1(Cl))N2N=C(OC2(=O))C(C)(C)C,"1N,2N,3Y,4N",High (Class III),Structural Class III,oxadiazon,,High (Class III),314
O=C(ON=C(SC)C(=O)N(C)C)NC,"1N,2N,3N,5N,6N,7N,16N,17N,19Y,20N,22N,33N",High (Class III),Structural Class III,oxamyl,,High (Class III),315
COC(=O)NC1=NC2=C(N1)C=CC(=C2)S(=O)C3=CC=CC=C3,"1N,2N,3Y,4N",High (Class III),Structural Class III,oxfendazole,,High (Class III),316
CCOc1cc(ccc1(N(=O)=O))Oc2ccc(cc2(Cl))C(F)(F)F,"1N,2Y",High (Class III),Structural Class III,oxyfluorfen,,High (Class III),317
NC(=O)C3=C(O)C(N(C)C)C4C(O)C2C(C(=O)c1c(O)cccc1C2(C)(O))=C(O)C4(O)(C3(=O)),"1N,2N,3N,5N,6N,7N,16N,17N,19N,23Y,27Y,28N,30Y,31N,32N,22N,33N",High (Class III),Structural Class III,oxytetracycline,,High (Class III),318
[Cl-].C[NH+](C)C1C(O)=C(C(N)=O)C(=O)C2(O)C(O)=C3C(=O)C4=C(C=CC=C4O)[C@@](C)(O)C3C(O)C12,"1N,2N,3Y,4Y(7N,16N,17N,19N,23Y,27Y,28N,30Y,31N,32N,22N,33N)",High (Class III),Structural Class III,oxytetracycline hydrochloride,,High (Class III),319
O=C1Sc2nc3ccc(cc3(nc2(S1)))C,"1N,2N,3N,5N,6N,7Y,8N,10N,11Y,33N",High (Class III),Structural Class III,oxythioquinox,,High (Class III),320
Clc1ccc(cc1)CC(N2CNCN2)C(O)C(C)(C)C,"1N,2N,3Y,4N",High (Class III),Structural Class III,paclobutrazol,,High (Class III),321
,,,Structural Class III,paraquat,,,322
CCOP(=S)(OCC)Oc1ccc(cc1)[N+](=O)[O-],"1N,2Y",High (Class III),Structural Class III,parathion,,High (Class III),323
O=C1OC2=CCOC(O)C2(=C1),"1N,2N,3N,5N,6N,7Y,8Y,9Y",High (Class III),Structural Class III,patulin,,High (Class III),324
CCC(CC)Nc1c(cc(C)c(C)c1[N+](=O)[O-])[N+](=O)[O-],"1N,2Y",High (Class III),Structural Class III,pendimethalin,,High (Class III),325
[K+].[H][C@@]2(NC(=O)COC1=CC=CC=C1)C(=O)N3[C@]2([H])SC(C)(C)[C@]3([H])C([O-])=O,"1N,2N,3Y,4Y(7Y,8N,10N,11Y,33N)",High (Class III),Structural Class III,penicillin VK,,High (Class III),326
BrC1=CC(Br)=C(OC2=CC(Br)=C(Br)C=C2Br)C=C1,"1N,2N,3Y,4N",High (Class III),Structural Class III,pentabromodiphenyl ether,,High (Class III),327
ClC(Cl)C(Cl)(Cl)Cl,"1N,2N,3Y,4N",High (Class III),Structural Class III,pentachloroethane,,High (Class III),328
[O-][N+](=O)C1=C(Cl)C(Cl)=C(Cl)C(Cl)=C1Cl,"1N,2Y",High (Class III),Structural Class III,pentachloronitrobenzene,,High (Class III),329
Oc1c(Cl)c(Cl)c(Cl)c(Cl)c1(Cl),"1N,2N,3Y,4N",High (Class III),Structural Class III,pentachlorophenol,,High (Class III),330
[O-][N+](=O)OCC(CO[N+]([O-])=O)(CO[N+]([O-])=O)CO[N+]([O-])=O,"1N,2Y",High (Class III),Structural Class III,pentaerythritol tetranitrate,,High (Class III),331
ClC(Cl)=CC3C(C(=O)OCc2cccc(Oc1ccccc1)c2)C3(C)(C),"1N,2N,3Y,4N",High (Class III),Structural Class III,permethrin,,High (Class III),332
NC(=N)NC(=N)NCCc1ccccc1,"1N,2N,3N,5N,6N,7N,16N,17N,19N,23Y,27Y,28N,30Y,31N,32N,22N,33N",High (Class III),Structural Class III,phenformin,,High (Class III),333
N(C1=CC=CC=C1)C2=CC=C3C=CC=CC3=C2,"1N,2N,3N,5N,6N,7N,16N,17N,19N,23Y,27Y,28Y,29N,33N",High (Class III),Structural Class III,"phenyl-2-naphthylamine, n-",,High (Class III),334
CC1=NN(C(=O)C1)C2=CC=CC=C2,"1N,2N,3N,5N,6N,7Y,8N,10N,11N,12N,22N,33N",High (Class III),Structural Class III,"phenyl-3-methyl-5-pyrazolone, 1-",,High (Class III),335
CCCCC3C(=O)N(c1ccccc1)N(c2ccccc2)C3(=O),"1N,2N,3N,5N,6N,7Y,8N,10N,11N,12N,22N,33N",High (Class III),Structural Class III,phenylbutazone,,High (Class III),336
NC1=CC=CC(N)=C1,"1N,2N,3N,5N,6N,7N,16N,17N,19N,23Y,27Y,28N,30Y,31N,32N,22N,33N",High (Class III),Structural Class III,"phenylenediamine, m-",,High (Class III),337
[Cl-].C[N+]CC(O)c1cccc(O)c1,"1N,2Y",High (Class III),Structural Class III,phenylephrine hydrochloride,,High (Class III),338
COP(=S)(OC)SCN1C(=O)c2ccccc2(C1(=O)),"1N,2N,3Y,4N",High (Class III),Structural Class III,phosmet,,High (Class III),339
CCN(CC)C(=O)C(Cl)=C(C)OP(=O)(OC)OC,"1N,2N,3Y,4N",High (Class III),Structural Class III,phosphamidon,,High (Class III),340
ClC1(Cl)C2(Cl)C(Cl)C3(Cl)C4C5C6OC6C4C(C25)C13Cl,"1N,2N,3Y,4N",High (Class III),Structural Class III,photodieldrin,,High (Class III),341
NC(=O)c1ccccc1(C(N)=O),"1N,2N,3N,5N,6N,7N,16N,17N,19N,23Y,27Y,28N,30Y,31N,32N,22N,33N",High (Class III),Structural Class III,phthalamide,,High (Class III),342
O=C1OC(=O)C2=C1C=CC=C2,"1N,2N,3N,5N,6N,7Y,8N,10N,11Y,33N",High (Class III),Structural Class III,phthalic anhydride,,High (Class III),343
NC1=C(Cl)C(Cl)=NC(C(O)=O)=C1Cl,"1N,2N,3Y,4N",High (Class III),Structural Class III,picloram,,High (Class III),344
Cl.CC1=CC=CC(C)=C1NC(=O)CC23CCCN2CCC3,"1N,2N,3Y,4N",High (Class III),Structural Class III,pilsicainide hydrochloride,,High (Class III),345
CCN(CC)C1NC(C)C=C(N1)OP(=S)(OC)OC,"1N,2N,3Y,4N",High (Class III),Structural Class III,pirimiphos-methyl,,High (Class III),346
COC1=CC=C(C=C1)C(=O)C2=C(C)N(CCN3CCOCC3)C4=C2C=CC=C4,"1N,2N,3N,5N,6N,7Y,8N,10N,11N,12Y,13Y,14Y,15N,33N",High (Class III),Structural Class III,pravadoline,,High (Class III),347
CCCN(CCC)S(=O)(=O)c1ccc(cc1)C(O)=O,"1N,2N,3Y,4N",High (Class III),Structural Class III,probenecid,,High (Class III),348
CCCN(CCOc1c(Cl)cc(Cl)cc1(Cl))C(=O)N2CCNC2,"1N,2N,3Y,4N",High (Class III),Structural Class III,prochloraz,,High (Class III),349
,,,Structural Class III,proflavine monohydrochloride hemihydrate,,,350
Cl.CN(C)C(C)CN2c3ccccc3(Sc1ccccc12),"1N,2N,3Y,4N",High (Class III),Structural Class III,promethazine hydrochloride,,High (Class III),351
COC1NC(NC(C)C)NC(NC(C)C)N1,"1N,2N,3N,5N,6N,7Y,8N,10N,11Y,33N",High (Class III),Structural Class III,prometon,,High (Class III),352
CSC1NC(NC(C)C)NC(NC(C)C)N1,"1N,2N,3N,5N,6N,7Y,8N,10N,11Y,33N",High (Class III),Structural Class III,prometryn,,High (Class III),353
C#CC(C)(C)NC(=O)c1cc(Cl)cc(Cl)c1,"1N,2N,3Y,4N",High (Class III),Structural Class III,pronamide,,High (Class III),354
ClCC(=O)N(C(C)C)c1ccccc1,"1N,2N,3Y,4N",High (Class III),Structural Class III,propachlor,,High (Class III),355
Clc1ccc(cc1(Cl))NC(=O)CC,"1N,2N,3Y,4N",High (Class III),Structural Class III,propanil,,High (Class III),356
C#CCOS(=O)OC2CCCCC2(Oc1ccc(cc1)C(C)(C)C),"1N,2N,3Y,4N",High (Class III),Structural Class III,propargite,,High (Class III),357
Clc1nc(nc(n1)NC(C)C)NC(C)C,"1N,2N,3Y,4N",High (Class III),Structural Class III,propazine,,High (Class III),358
CC(C)OC(=O)NC1=CC=CC=C1,"1N,2N,3N,5N,6N,7N,16N,17N,19N,23Y,27Y,28N,30Y(31N,32Y)(31N,32N,22N,33N)",High (Class III),Structural Class III,propham,,High (Class III),359
CCCC2COC(CN1CNCN1)(O2)c3ccc(Cl)cc3(Cl),"1N,2N,3Y,4N",High (Class III),Structural Class III,propiconazole,,High (Class III),360
[Cl-].CCCOC(C(=O)OC1CC[NH+](C)CC1)(C2=CC=CC=C2)C3=CC=CC=C3,"1N,2N,3Y,4Y(7Y,8N,10N,11Y,33N)",High (Class III),Structural Class III,propiverine hydrochloride (P-4),,High (Class III),361
O=C(Oc1ccccc1(OC(C)C))NC,"1N,2N,3N,5N,6N,7N,16N,17N,19N,23Y,27Y,28N,30Y(31N,32N,22N,33N)(31N,32N,22N,33N)",High (Class III),Structural Class III,propoxur,,High (Class III),362
CC(Cl)CCl,"1N,2N,3Y,4N",High (Class III),Structural Class III,propylene dichloride,,High (Class III),363
CC(C)C(C(=O)OC(C#N)C1=CC=CC(OC2=CC=CC=C2)=C1)C3=CC=C(Cl)C=C3,"1N,2Y",High (Class III),Structural Class III,pydrin,,High (Class III),364
NC(=O)c1cnccn1,"1N,2N,3N,5N,6N,7Y,8N,10N,11Y,33N",High (Class III),Structural Class III,pyrazinamide,,High (Class III),365
c1cc2ccc3cccc4ccc(c1)c2c34,"1N,2N,3N,5N,6N,7N,16N,17N,19N,23Y,27N",High (Class III),Structural Class III,pyrene,,High (Class III),366
,,,Structural Class III,pyrimidinone,,,367
Oc1cc(O)c3c(c1)OC(c2ccc(O)c(O)c2)=C(O)C3(=O),"1N,2N,3N,5N,6N,7Y,8N,10N,11N,12N,22N,33N",High (Class III),Structural Class III,quercetin,,High (Class III),368
CCOP(=S)(OCC)Oc1cnc2ccccc2(n1),"1N,2N,3Y,4N",High (Class III),Structural Class III,quinalphos,,High (Class III),369
Cl.COC1=CC2=C(C=CN=C2C=C1)C(O)C3CC4(CCN3CC4)C=C,"1N,2N,3Y,4N",High (Class III),Structural Class III,quinine hydrochloride,,High (Class III),370
CCOC(=O)C(C)OC1=CC=C(OC2=NC3=C(C=C(Cl)C=C3)N=C2)C=C1,"1N,2N,3Y,4N",High (Class III),Structural Class III,quinofop ethyl,,High (Class III),371
[Na+].[Na+].CC(=O)NC1=CC(=CC2=C1C(O)=C(\N=N\C3=CC=CC=C3)C(=C2)S([O-])(=O)=O)S([O-])(=O)=O,"1N,2N,3Y,4Y(7N,16N,17N,19N,23Y,27Y,28Y,29N,33N)",High (Class III),Structural Class III,red 2G,,High (Class III),372
COc1ccc6c(c1)NC4C6(CCN3CC5CC(OC(=O)c2cc(OC)c(OC)c(OC)c2)C(OC)C(C(=O)OC)C5(CC34)),"1N,2N,3N,5N,6N,7Y,8N,10N,11N,12N,22N,33N",High (Class III),Structural Class III,reserpine,,High (Class III),373
CC(C)=CC3C(C(=O)OCC2COC(Cc1ccccc1)C2)C3(C)(C),"1N,2N,3N,5N,6N,7Y,8N,10N,11N,12N,22N,33N",High (Class III),Structural Class III,resmethrin,,High (Class III),374
,,,Structural Class III,thudamine 6G,,,375
NC(=O)OCC1NCC(N1(C))[N+](=O)[O-],"1N,2Y",High (Class III),Structural Class III,ronidazole,,High (Class III),376
COc4cc5OCC3Oc2c(ccc1OC(Cc12)C(C)=C)C(=O)C3c5(cc4(OC)),"1N,2N,3N,5N,6N,7Y,8N,10N,11N,12N,22N,33N",High (Class III),Structural Class III,rotenone,,High (Class III),377
O=C1NS(=O)(=O)c2ccccc12,"1N,2N,3Y,4N",High (Class III),Structural Class III,saccharin,,High (Class III),378
CCC\C(=N/OCC)C1=C(O)CC(CC1=O)CC(C)SCC,"1N,2N,3N,5N,6N,7N,16N,17N,19N,23N,24N,25N,26N,22N,33N",High (Class III),Structural Class III,sethoxydim,,High (Class III),379
CCNc1nc(Cl)nc(NCC)n1,"1N,2N,3Y,4N",High (Class III),Structural Class III,simazine,,High (Class III),380
[Na+].CC(Cl)(Cl)C([O-])=O,"1N,2N,3Y,4N",High (Class III),Structural Class III,"sodium 2,2-dichloropropionate",,High (Class III),381
[Na+].[O-]S(=O)(=O)NC1CCCCC1,"1N,2N,3Y,4Y,7N,16N,17N,19N,23N,24Y,18N",Low (Class I),Structural Class III,sodium cyclamate,sulphonate groups!,Low (Class I),382
[Na+].[O-]C(=O)CF,"1N,2N,3Y,4N",High (Class III),Structural Class III,sodium fluoroacetate,,High (Class III),383
[Na+].NC1=CC=CC2=CC(=CC=C12)S([O-])(=O)=O,"1N,2N,3Y,4Y(7N,16N,17N,19N,23Y,27Y,28Y,29N,33Y)",Low (Class I),Structural Class III,sodium naphthionate,sulphonate groups!,Low (Class I),384
CCCCCCCCCCCC(=O)OC[C@H](O)[C@H]1OC[C@@H](O)[C@@H]1O,"1N,2N,3N,5N,6N,7Y,8N,10N,11N,12N,22N,33N",High (Class III),Structural Class III,sorbitan monolaurate,,High (Class III),385
CCCCCCCCCCCCCCCCCC(=O)OC[C@@H](O)[C@H]1OC[C@@H](O)[C@@H]1O,"1N,2N,3N,5N,6N,7Y,8N,10N,11N,12N,22N,33N",High (Class III),Structural Class III,sorbitan monostearate,,High (Class III),386
O=C1CCC(=O)O1,"1N,2N,3N,5N,6N,7Y,8N,10N,11Y,33N",Low (Class I),Structural Class III,succinic anhydride,ne e lactone,High (Class III),387
CC(=O)OC[C@H]1O[C@H](O[C@]2(COC(C)=O)O[C@H](COC(=O)C(C)C)[C@@H](OC(=O)C(C)C)[C@@H]2OC(=O)C(C)C)[C@H](OC(=O)C(C)C)[C@@H](OC(=O)C(C)C)[C@@H]1OC(=O)C(C)C,"1N,2N,3N,5N,6N,7Y,8N,10N,11N,12N,22N,33N",High (Class III),Structural Class III,sucrose acetate isobutyrate,,High (Class III),388
CC1=CC(C)=NC(NS(=O)(=O)C2=CC=C(N)C=C2)=N1,"1N,2N,3Y,4N",High (Class III),Structural Class III,sulfadimidine,,High (Class III),389
CC1=NOC(NS(=O)(=O)C2=CC=C(N)C=C2)=C1C,"1N,2N,3Y,4N",High (Class III),Structural Class III,sulfisuxazole,,High (Class III),390
O=S1(=O)CC=CC1,"1N,2N,3Y,4N",High (Class III),Structural Class III,"sulfolene, 3-",,High (Class III),391
[Na+].[Na+].OC1=C(\N=N\C2=CC=C(C=C2)S([O-])(=O)=O)C3=CC=C(C=C3C=C1)S([O-])(=O)=O,"1N,2N,3Y,4Y(7N,16N,17N,19N,23Y,27Y,28Y,29N,33Y)",Low (Class I),Structural Class III,sunset yellow FCF,sulphonate groups!,Low (Class I),392
CC1=CC=C(C=C1)S([O-])(=O)=O.CCOCC(O)COC2=CC=C(NC(=O)CC[S+](C)C)C=C2,"1N,2N,3Y,4N",High (Class III),Structural Class III,suplatast tosilate,,High (Class III),393
CNC(=O)N(C)C1NNC(S1)C(C)(C)C,"1N,2N,3N,5N,6N,7Y,8N,10N,11Y,33N",High (Class III),Structural Class III,tebuthiuron,,High (Class III),394
CC=1NC(=O)N(C(=O)C=1(Cl))C(C)(C)C,"1N,2N,3Y,4N",High (Class III),Structural Class III,terbacil,,High (Class III),395
CCNC1NC(SC)NC(N1)NC(C)(C)C,"1N,2N,3N,5N,6N,7Y,8N,10N,11Y,33N",High (Class III),Structural Class III,terbutryn,,High (Class III),396
CC(C)(C)C1=CC=C(O)C(Cl)=C1,"1N,2N,3Y,4N",High (Class III),Structural Class III,"tert-butyl-2-chlorophenol, 4-",,High (Class III),397
ClC1=CC(Cl)=C(Cl)C=C1Cl,"1N,2N,3Y,4N",High (Class III),Structural Class III,"tetrachlorobenzene, 1,2,4,5-",,High (Class III),398
ClCC(Cl)(Cl)Cl,"1N,2N,3Y,4N",High (Class III),Structural Class III,"tetrachloroethane, 1,1,1,2-",,High (Class III),399
ClC(Cl)C(Cl)Cl,"1N,2N,3Y,4N",High (Class III),Structural Class III,"tetrachloroethane, 1,1,2,2-",,High (Class III),400
Cl\C(Cl)=C(\Cl)Cl,"1N,2N,3Y,4N",High (Class III),Structural Class III,tetrachloroethylene,,High (Class III),401
OC1=C(Cl)C(Cl)=C(Cl)C=C1Cl,"1N,2N,3Y,4N",High (Class III),Structural Class III,"tetrachlorophenol, 2,3,4,6-",,High (Class III),402
ClC1=CC(Cl)=C(Cl)N=C1Cl,"1N,2N,3Y,4N",High (Class III),Structural Class III,"tetrachloropyridine, 2,3,5,6-",,High (Class III),403
COP(=O)(OC)O\C(=C\Cl)C1=C(Cl)C=C(Cl)C(Cl)=C1,"1N,2N,3Y,4N",High (Class III),Structural Class III,tetrachlorvinphos,,High (Class III),404
Cl.CN(C)C1C(O)=C(C(N)=O)C(=O)[C@@]2(O)C(O)=C3C(=O)C4=C(C=CC=C4O)[C@@](C)(O)C3CC12,"1N,2N,3Y,4N",High (Class III),Structural Class III,tetracycline hydrochloride,,High (Class III),405
CCOP(=S)(OCC)OP(=S)(OCC)OCC,"1N,2N,3Y,4N",High (Class III),Structural Class III,tetraethyldithiopyrophosphate,,High (Class III),406
,,,Structural Class III,tetraethylthiourea disulfide,,,407
[H][C@@]12CCC(C)=C[C@@]1([H])C3=C(OC2(C)C)C=C(CCCCC)C=C3O,"1N,2N,3N,5N,6N,7Y,8N,10N,11N,12N,22N,33N",High (Class III),Structural Class III,"tetrahydrocannabinol, delta-9-",,High (Class III),408
[Cl-].OC[P+](CO)(CO)CO,"1N,2N,3Y,4N",High (Class III),Structural Class III,tetrakis(hydroxymethyl)phosphonium chloride (THPC),,High (Class III),409
[O-]S([O-])(=O)=O.OC[P+](CO)(CO)CO.OC[P+](CO)(CO)CO,"1N,2N,3Y,4N",High (Class III),Structural Class III,tetrakis(hydroxymethyl)phosphonium sulphate (THPS),,High (Class III),410
S1CNC(C1)C2Nc3ccccc3(N2),"1N,2N,3N,5N,6N,7Y,8N,10N,11N,12N,22N,33N",High (Class III),Structural Class III,thiabendazole,,High (Class III),411
COC(=O)C1=C(C=CS1)S(=O)(=O)NC(=O)NC2=NC(C)=NC(OC)=N2,"1N,2N,3Y,4N",High (Class III),Structural Class III,thiameturon methyl,,High (Class III),412
CCN(CC)C(=O)SCc1ccc(Cl)cc1,"1N,2N,3Y,4N",High (Class III),Structural Class III,thiobencarb,,High (Class III),413
COC(=O)NC(=S)NC1=C(NC(=S)NC(=O)OC)C=CC=C1,"1N,2N,3N,5N,6N,7N,16N,17N,19N,23Y,27Y,28N,30Y(31N,32Y)(31N,32N,22N,33N)(31N,32Y)",High (Class III),Structural Class III,thiophanate-methyl,,High (Class III),414
CN(C)C(=S)SSC(=S)N(C)C,"1N,2N,3N,5N,6N,7N,16N,17N,19Y,20N,22N,33N",High (Class III),Structural Class III,thiram,,High (Class III),415
CC(=O)OC1=C(C)C2=C(O[C@](C)(CCC[C@H](C)CCC[C@H](C)CCCC(C)C)CC2)C(C)=C1C,"1N,2N,3N,5N,6N,7Y,8N,10N,11N,12N,22N,33N",High (Class III),Structural Class III,"tocopheryl acetate, dl-alpha-",,High (Class III),416
,,,Structural Class III,"toluenediamine hydrochloride, 2,6-",,,417
OS(O)(=O)=O.CC1=CC(N)=CC=C1N,"1N,2N,3Y,4N",High (Class III),Structural Class III,"toluenediamine sulfate, 2,5-",,High (Class III),418
CC1(C)[C@H](C(=O)O[C@H](C#N)C2=CC(OC3=CC=CC=C3)=CC=C2)[C@@H]1[C@H](Br)C(Br)(Br)Br,"1N,2Y",High (Class III),Structural Class III,tralomethrin,,High (Class III),419
[H][C@@]12CCC3=CC(=O)CCC3=C1C=C[C@]4(C)C(CC[C@@]24[H])OC(C)=O,"1N,2N,3N,5N,6N,7N,16N,17N,19N,23N,24N,25N,26N,22N,33N",High (Class III),Structural Class III,trenbolone acetate,,High (Class III),420
,,,Structural Class III,"trenbolone hydroxide, 17-alpha-",,,421
Clc1ccc(cc1)OC(N2CNCN2)C(=O)C(C)(C)C,"1N,2N,3Y,4N",High (Class III),Structural Class III,triadimefon,,High (Class III),422
ClC(Cl)=C(Cl)CSC(=O)N(C(C)C)C(C)C,"1N,2N,3Y,4N",High (Class III),Structural Class III,triallate,,High (Class III),423
Nc1nc(N)c2nc(c(N)nc2(n1))c3ccccc3,"1N,2N,3N,5N,6N,7Y,8N,10N,11Y,33N",High (Class III),Structural Class III,triamterene,,High (Class III),424
BrC(Br)Br,"1N,2N,3Y,4N",High (Class III),Structural Class III,tribromomethane,,High (Class III),425
ClC(Cl)(Cl)C#N,"1N,2Y",High (Class III),Structural Class III,trichloroacetonitrile,,High (Class III),426
ClC1=CC(Cl)=C(Cl)C=C1,"1N,2N,3Y,4N",High (Class III),Structural Class III,"trichlorobenzene, 1,2,4-",,High (Class III),427
ClCC(Cl)Cl,"1N,2N,3Y,4N",High (Class III),Structural Class III,"trichloroethane, 1,1,2-",,High (Class III),428
CC(Cl)(Cl)Cl,"1N,2N,3Y,4N",High (Class III),Structural Class III,"trichloroethane, 1,1,1-",,High (Class III),429
Cl\C=C(\Cl)Cl,"1N,2N,3Y,4N",High (Class III),Structural Class III,trichloroethylene,,High (Class III),430
Cl\C=C(\Cl)Cl,"1N,2N,3Y,4N",High (Class III),Structural Class III,"trichloroethylene, 1,1,2-",,High (Class III),431
,,,Structural Class III,trichlorogalactosucrose,,,432
OC1=C(Cl)C=C(Cl)C(Cl)=C1,"1N,2N,3Y,4N",High (Class III),Structural Class III,"trichlorophenol, 2,4,5-",,High (Class III),433
OC(=O)COC1=C(Cl)C=C(Cl)C(Cl)=C1,"1N,2N,3Y,4N",High (Class III),Structural Class III,"trichlorophenoxyacetic acid, 2,4,5-",,High (Class III),434
ClC1=CC(Cl)=CC(=C1)C2(CO2)CC(Cl)(Cl)Cl,"1N,2N,3Y,4N",High (Class III),Structural Class III,tridiphane,,High (Class III),435
Cl.Cl.NCCNCCNCCN,"1N,2Y",High (Class III),Structural Class III,triethylene tetramine dihydrochloride,,High (Class III),436
CCCN(CCC)c1c(cc(cc1(N(=O)=O))C(F)(F)F)N(=O)=O,"1N,2Y",High (Class III),Structural Class III,trifluralin,,High (Class III),437
CC1=CC(C)=C(N)C=C1C,"1N,2N,3N,5N,6N,7N,16N,17N,19N,23Y,27Y,28N,30Y,31N,32N,22N,33N",High (Class III),Structural Class III,"trimethylaniline, 2,4,5-",,High (Class III),438
CC1=CC(C)=C(N)C=C1C,"1N,2N,3N,5N,6N,7N,16N,17N,19N,23Y,27Y,28N,30Y,31N,32N,22N,33N",High (Class III),Structural Class III,"trinitrotoluene, 2,4,6-",,High (Class III),439
ClCCOP(=O)(OCCCl)OCCCl,"1N,2N,3Y,4N",High (Class III),Structural Class III,tris-(2-chloroethyl) phosphate,,High (Class III),440
,,,Structural Class III,trisulfuron,,,441
O=CCC4CC(C)C(=O)C=CC(C)=CC(COC1OC(C)C(O)C(OC)C1(OC))C(CC)OC(=O)CC(O)C(C)C4(OC3OC(C)C(OC2OC(C)C(O)C(C)(O)C2)C(N(C)C)C3(O)),"1N,2N,3N,5N,6N,7Y,8N,10N,11Y,33N",High (Class III),Structural Class III,tylosin,,High (Class III),442
C=CC2(C)(OC(=O)N(c1cc(Cl)cc(Cl)c1)C2(=O)),"1N,2N,3Y,4N",High (Class III),Structural Class III,vinclozolin,,High (Class III),443
ClC=C,"1N,2N,3Y,4N",High (Class III),Structural Class III,vinyl chloride,,High (Class III),444
OC(=O)\C=C/C(O)=O.[H]C1(CC2CCC(C1)N2C)NC(=O)C3=CC(Cl)=CC4=C3OC(C)(C)C4,"1N,2N,3Y,4N",High (Class III),Structural Class III,zatosetron maleate,,High (Class III),445
O=C1CCCC=Cc2cc(O)cc(O)c2(C(=O)OC(C)CCC1),"1N,2N,3N,5N,6N,7Y,8N,10N,11N,12N,22N,33N",High (Class III),Structural Class III,zearalenone,,High (Class III),446
CC1CCCC(O)CCCCCC2=CC(O)=CC(O)=C2C(=O)O1,"1N,2N,3N,5N,6N,7Y,8N,10N,11N,12N,22N,33N",High (Class III),Structural Class III,zeranol,,High (Class III),447
C[C@H]1CCCC(O)CCCCCC2=C(C(O)=CC(O)=C2)C(=O)O1,"1N,2N,3N,5N,6N,7Y,8N,10N,11N,12N,22N,33N",High (Class III),,zeranol,,High (Class III),
